datetime,count,portfolio_value,cash,first_daily_iteration,last_price,decision,return
2023-12-01 09:30:00-05:00,10,100000.0,100000.0,True,AAPL=190.33 | MSFT=376.76 | AMZN=146.0 | AVGO=922.46 | META=325.48 | NVDA=465.25 | TSLA=233.14 | GOOGL=131.86 | GOOG=133.32 | COST=593.28,AAPL=none | MSFT=none | AMZN=none | AVGO=none | META=none | NVDA=none | TSLA=none | GOOGL=none | GOOG=none | COST=none,
2023-12-01 10:00:00-05:00,10,100000.0,100000.0,False,AAPL=190.33 | MSFT=376.76 | AMZN=146.0 | AVGO=922.46 | META=325.48 | NVDA=465.25 | TSLA=233.14 | GOOGL=131.86 | GOOG=133.32 | COST=593.28,AAPL=none | MSFT=none | AMZN=none | AVGO=none | META=none | NVDA=none | TSLA=none | GOOGL=none | GOOG=none | COST=none,0.0
2023-12-01 10:30:00-05:00,10,100000.0,100000.0,False,AAPL=190.33 | MSFT=376.76 | AMZN=146.0 | AVGO=922.46 | META=325.48 | NVDA=465.25 | TSLA=233.14 | GOOGL=131.86 | GOOG=133.32 | COST=593.28,AAPL=none | MSFT=none | AMZN=none | AVGO=none | META=none | NVDA=none | TSLA=none | GOOGL=none | GOOG=none | COST=none,0.0
2023-12-01 11:00:00-05:00,10,100000.0,100000.0,False,AAPL=190.33 | MSFT=376.76 | AMZN=146.0 | AVGO=922.46 | META=325.48 | NVDA=465.25 | TSLA=233.14 | GOOGL=131.86 | GOOG=133.32 | COST=593.28,AAPL=none | MSFT=none | AMZN=none | AVGO=none | META=none | NVDA=none | TSLA=none | GOOGL=none | GOOG=none | COST=none,0.0
2023-12-01 11:30:00-05:00,10,100000.0,100000.0,False,AAPL=190.33 | MSFT=376.76 | AMZN=146.0 | AVGO=922.46 | META=325.48 | NVDA=465.25 | TSLA=233.14 | GOOGL=131.86 | GOOG=133.32 | COST=593.28,AAPL=none | MSFT=none | AMZN=none | AVGO=none | META=none | NVDA=none | TSLA=none | GOOGL=none | GOOG=none | COST=none,0.0
2023-12-01 12:00:00-05:00,10,100000.0,100000.0,False,AAPL=190.33 | MSFT=376.76 | AMZN=146.0 | AVGO=922.46 | META=325.48 | NVDA=465.25 | TSLA=233.14 | GOOGL=131.86 | GOOG=133.32 | COST=593.28,AAPL=none | MSFT=none | AMZN=none | AVGO=none | META=none | NVDA=none | TSLA=none | GOOGL=none | GOOG=none | COST=none,0.0
2023-12-01 12:30:00-05:00,10,100000.0,100000.0,False,AAPL=190.33 | MSFT=376.76 | AMZN=146.0 | AVGO=922.46 | META=325.48 | NVDA=465.25 | TSLA=233.14 | GOOGL=131.86 | GOOG=133.32 | COST=593.28,AAPL=none | MSFT=none | AMZN=none | AVGO=none | META=none | NVDA=none | TSLA=none | GOOGL=none | GOOG=none | COST=none,0.0
2023-12-01 13:00:00-05:00,10,100000.0,100000.0,False,AAPL=190.33 | MSFT=376.76 | AMZN=146.0 | AVGO=922.46 | META=325.48 | NVDA=465.25 | TSLA=233.14 | GOOGL=131.86 | GOOG=133.32 | COST=593.28,AAPL=buy | MSFT=buy | AMZN=buy | AVGO=buy | META=buy | NVDA=buy | TSLA=buy | GOOGL=buy | GOOG=buy | COST=buy,0.0
2023-12-01 13:30:00-05:00,10,100000.0,59654.28,False,AAPL=190.33 | MSFT=376.76 | AMZN=146.0 | AVGO=922.46 | META=325.48 | NVDA=465.25 | TSLA=233.14 | GOOGL=131.86 | GOOG=133.32 | COST=593.28,AAPL=buy | MSFT=buy | AMZN=buy | AVGO=buy | META=buy | NVDA=buy | TSLA=buy | GOOGL=buy | GOOG=buy | COST=buy,0.0
2023-12-01 14:00:00-05:00,10,100000.0,35586.33,False,AAPL=190.33 | MSFT=376.76 | AMZN=146.0 | AVGO=922.46 | META=325.48 | NVDA=465.25 | TSLA=233.14 | GOOGL=131.86 | GOOG=133.32 | COST=593.28,AAPL=none | MSFT=none | AMZN=none | AVGO=none | META=none | NVDA=none | TSLA=none | GOOGL=none | GOOG=none | COST=none,0.0
2023-12-01 14:30:00-05:00,10,100000.0,35586.33,False,AAPL=190.33 | MSFT=376.76 | AMZN=146.0 | AVGO=922.46 | META=325.48 | NVDA=465.25 | TSLA=233.14 | GOOGL=131.86 | GOOG=133.32 | COST=593.28,AAPL=none | MSFT=none | AMZN=none | AVGO=none | META=none | NVDA=none | TSLA=none | GOOGL=none | GOOG=none | COST=none,0.0
2023-12-01 15:00:00-05:00,10,100000.0,35586.33,False,AAPL=190.33 | MSFT=376.76 | AMZN=146.0 | AVGO=922.46 | META=325.48 | NVDA=465.25 | TSLA=233.14 | GOOGL=131.86 | GOOG=133.32 | COST=593.28,AAPL=none | MSFT=none | AMZN=none | AVGO=none | META=none | NVDA=none | TSLA=none | GOOGL=none | GOOG=none | COST=none,0.0
2023-12-01 15:30:00-05:00,10,100000.0,35586.33,False,AAPL=190.33 | MSFT=376.76 | AMZN=146.0 | AVGO=922.46 | META=325.48 | NVDA=465.25 | TSLA=233.14 | GOOGL=131.86 | GOOG=133.32 | COST=593.28,AAPL=buy | MSFT=buy | AMZN=buy | AVGO=buy | META=buy | NVDA=buy | TSLA=buy | GOOGL=buy | GOOG=buy | COST=buy,0.0
2023-12-01 16:00:00-05:00,10,100000.0,21228.76,False,AAPL=190.33 | MSFT=376.76 | AMZN=146.0 | AVGO=922.46 | META=325.48 | NVDA=465.25 | TSLA=233.14 | GOOGL=131.86 | GOOG=133.32 | COST=593.28,AAPL=buy | MSFT=buy | AMZN=buy | AVGO=buy | META=buy | NVDA=buy | TSLA=buy | GOOGL=buy | GOOG=buy | COST=buy,0.0
2023-12-04 09:30:00-05:00,10,99310.83,21228.76,True,AAPL=189.98 | MSFT=369.1 | AMZN=145.25 | AVGO=920.64 | META=317.29 | NVDA=460.77 | TSLA=235.75 | GOOGL=129.88 | GOOG=131.29 | COST=592.15,AAPL=none | MSFT=none | AMZN=none | AVGO=none | META=none | NVDA=none | TSLA=none | GOOGL=none | GOOG=none | COST=none,-0.006891699999999945
2023-12-04 10:00:00-05:00,10,99310.83,21228.76,False,AAPL=189.98 | MSFT=369.1 | AMZN=145.25 | AVGO=920.64 | META=317.29 | NVDA=460.77 | TSLA=235.75 | GOOGL=129.88 | GOOG=131.29 | COST=592.15,AAPL=none | MSFT=none | AMZN=none | AVGO=none | META=none | NVDA=none | TSLA=none | GOOGL=none | GOOG=none | COST=none,0.0
2023-12-04 10:30:00-05:00,10,99310.83,21228.76,False,AAPL=189.98 | MSFT=369.1 | AMZN=145.25 | AVGO=920.64 | META=317.29 | NVDA=460.77 | TSLA=235.75 | GOOGL=129.88 | GOOG=131.29 | COST=592.15,AAPL=none | MSFT=none | AMZN=none | AVGO=none | META=none | NVDA=none | TSLA=none | GOOGL=none | GOOG=none | COST=none,0.0
2023-12-04 11:00:00-05:00,10,99310.83,21228.76,False,AAPL=189.98 | MSFT=369.1 | AMZN=145.25 | AVGO=920.64 | META=317.29 | NVDA=460.77 | TSLA=235.75 | GOOGL=129.88 | GOOG=131.29 | COST=592.15,AAPL=buy | MSFT=buy | AMZN=buy | AVGO=buy | META=buy | NVDA=buy | TSLA=buy | GOOGL=buy | GOOG=buy | COST=buy,0.0
2023-12-04 11:30:00-05:00,10,99310.83,12663.87,False,AAPL=189.98 | MSFT=369.1 | AMZN=145.25 | AVGO=920.64 | META=317.29 | NVDA=460.77 | TSLA=235.75 | GOOGL=129.88 | GOOG=131.29 | COST=592.15,AAPL=none | MSFT=none | AMZN=none | AVGO=none | META=none | NVDA=none | TSLA=none | GOOGL=none | GOOG=none | COST=none,0.0
2023-12-04 12:00:00-05:00,10,99310.83,12663.87,False,AAPL=189.98 | MSFT=369.1 | AMZN=145.25 | AVGO=920.64 | META=317.29 | NVDA=460.77 | TSLA=235.75 | GOOGL=129.88 | GOOG=131.29 | COST=592.15,AAPL=none | MSFT=none | AMZN=none | AVGO=none | META=none | NVDA=none | TSLA=none | GOOGL=none | GOOG=none | COST=none,0.0
2023-12-04 12:30:00-05:00,10,99310.83,12663.87,False,AAPL=189.98 | MSFT=369.1 | AMZN=145.25 | AVGO=920.64 | META=317.29 | NVDA=460.77 | TSLA=235.75 | GOOGL=129.88 | GOOG=131.29 | COST=592.15,AAPL=buy | MSFT=buy | AMZN=buy | AVGO=buy | META=buy | NVDA=buy | TSLA=buy | GOOGL=buy | GOOG=buy | COST=buy,0.0
2023-12-04 13:00:00-05:00,10,99310.83,7554.54,False,AAPL=189.98 | MSFT=369.1 | AMZN=145.25 | AVGO=920.64 | META=317.29 | NVDA=460.77 | TSLA=235.75 | GOOGL=129.88 | GOOG=131.29 | COST=592.15,AAPL=none | MSFT=none | AMZN=none | AVGO=none | META=none | NVDA=none | TSLA=none | GOOGL=none | GOOG=none | COST=none,0.0
2023-12-04 13:30:00-05:00,10,99310.83,7554.54,False,AAPL=189.98 | MSFT=369.1 | AMZN=145.25 | AVGO=920.64 | META=317.29 | NVDA=460.77 | TSLA=235.75 | GOOGL=129.88 | GOOG=131.29 | COST=592.15,AAPL=none | MSFT=none | AMZN=none | AVGO=none | META=none | NVDA=none | TSLA=none | GOOGL=none | GOOG=none | COST=none,0.0
2023-12-04 14:00:00-05:00,10,99310.83,7554.54,False,AAPL=189.98 | MSFT=369.1 | AMZN=145.25 | AVGO=920.64 | META=317.29 | NVDA=460.77 | TSLA=235.75 | GOOGL=129.88 | GOOG=131.29 | COST=592.15,AAPL=none | MSFT=none | AMZN=none | AVGO=none | META=none | NVDA=none | TSLA=none | GOOGL=none | GOOG=none | COST=none,0.0
2023-12-04 14:30:00-05:00,10,99310.83,7554.54,False,AAPL=189.98 | MSFT=369.1 | AMZN=145.25 | AVGO=920.64 | META=317.29 | NVDA=460.77 | TSLA=235.75 | GOOGL=129.88 | GOOG=131.29 | COST=592.15,AAPL=none | MSFT=none | AMZN=none | AVGO=none | META=none | NVDA=none | TSLA=none | GOOGL=none | GOOG=none | COST=none,0.0
2023-12-04 15:00:00-05:00,10,99310.83,7554.54,False,AAPL=189.98 | MSFT=369.1 | AMZN=145.25 | AVGO=920.64 | META=317.29 | NVDA=460.77 | TSLA=235.75 | GOOGL=129.88 | GOOG=131.29 | COST=592.15,AAPL=none | MSFT=none | AMZN=none | AVGO=none | META=none | NVDA=none | TSLA=none | GOOGL=none | GOOG=none | COST=none,0.0
2023-12-04 15:30:00-05:00,10,99310.83,7554.54,False,AAPL=189.98 | MSFT=369.1 | AMZN=145.25 | AVGO=920.64 | META=317.29 | NVDA=460.77 | TSLA=235.75 | GOOGL=129.88 | GOOG=131.29 | COST=592.15,AAPL=none | MSFT=none | AMZN=none | AVGO=none | META=none | NVDA=none | TSLA=none | GOOGL=none | GOOG=none | COST=none,0.0
2023-12-04 16:00:00-05:00,10,99310.83,7554.54,False,AAPL=189.98 | MSFT=369.1 | AMZN=145.25 | AVGO=920.64 | META=317.29 | NVDA=460.77 | TSLA=235.75 | GOOGL=129.88 | GOOG=131.29 | COST=592.15,AAPL=none | MSFT=none | AMZN=none | AVGO=none | META=none | NVDA=none | TSLA=none | GOOGL=none | GOOG=none | COST=none,0.0
2023-12-05 09:30:00-05:00,10,98887.58,7554.54,True,AAPL=190.21 | MSFT=366.45 | AMZN=143.55 | AVGO=911.6 | META=318.98 | NVDA=454.66 | TSLA=233.87 | GOOGL=128.95 | GOOG=130.37 | COST=598.53,AAPL=buy | MSFT=buy | AMZN=buy | AVGO=buy | META=buy | NVDA=buy | TSLA=buy | GOOGL=buy | GOOG=buy | COST=buy,-0.004261871540092832
2023-12-05 10:00:00-05:00,10,98887.58,4506.61,False,AAPL=190.21 | MSFT=366.45 | AMZN=143.55 | AVGO=911.6 | META=318.98 | NVDA=454.66 | TSLA=233.87 | GOOGL=128.95 | GOOG=130.37 | COST=598.53,AAPL=none | MSFT=none | AMZN=none | AVGO=none | META=none | NVDA=none | TSLA=none | GOOGL=none | GOOG=none | COST=none,0.0
2023-12-05 10:30:00-05:00,10,98887.58,4506.61,False,AAPL=190.21 | MSFT=366.45 | AMZN=143.55 | AVGO=911.6 | META=318.98 | NVDA=454.66 | TSLA=233.87 | GOOGL=128.95 | GOOG=130.37 | COST=598.53,AAPL=none | MSFT=none | AMZN=none | AVGO=none | META=none | NVDA=none | TSLA=none | GOOGL=none | GOOG=none | COST=none,0.0
2023-12-05 11:00:00-05:00,10,98887.58,4506.61,False,AAPL=190.21 | MSFT=366.45 | AMZN=143.55 | AVGO=911.6 | META=318.98 | NVDA=454.66 | TSLA=233.87 | GOOGL=128.95 | GOOG=130.37 | COST=598.53,AAPL=none | MSFT=none | AMZN=none | AVGO=none | META=none | NVDA=none | TSLA=none | GOOGL=none | GOOG=none | COST=none,0.0
2023-12-05 11:30:00-05:00,10,98887.58,4506.61,False,AAPL=190.21 | MSFT=366.45 | AMZN=143.55 | AVGO=911.6 | META=318.98 | NVDA=454.66 | TSLA=233.87 | GOOGL=128.95 | GOOG=130.37 | COST=598.53,AAPL=none | MSFT=none | AMZN=none | AVGO=none | META=none | NVDA=none | TSLA=none | GOOGL=none | GOOG=none | COST=none,0.0
2023-12-05 12:00:00-05:00,10,98887.58,4506.61,False,AAPL=190.21 | MSFT=366.45 | AMZN=143.55 | AVGO=911.6 | META=318.98 | NVDA=454.66 | TSLA=233.87 | GOOGL=128.95 | GOOG=130.37 | COST=598.53,AAPL=none | MSFT=none | AMZN=none | AVGO=none | META=none | NVDA=none | TSLA=none | GOOGL=none | GOOG=none | COST=none,0.0
2023-12-05 12:30:00-05:00,10,98887.58,4506.61,False,AAPL=190.21 | MSFT=366.45 | AMZN=143.55 | AVGO=911.6 | META=318.98 | NVDA=454.66 | TSLA=233.87 | GOOGL=128.95 | GOOG=130.37 | COST=598.53,AAPL=none | MSFT=none | AMZN=none | AVGO=none | META=none | NVDA=none | TSLA=none | GOOGL=none | GOOG=none | COST=none,0.0
2023-12-05 13:00:00-05:00,10,98887.58,4506.61,False,AAPL=190.21 | MSFT=366.45 | AMZN=143.55 | AVGO=911.6 | META=318.98 | NVDA=454.66 | TSLA=233.87 | GOOGL=128.95 | GOOG=130.37 | COST=598.53,AAPL=buy | MSFT=buy | AMZN=buy | AVGO=buy | META=buy | NVDA=buy | TSLA=buy | GOOGL=buy | GOOG=buy | COST=buy,0.0
2023-12-05 13:30:00-05:00,10,98887.58,2688.39,False,AAPL=190.21 | MSFT=366.45 | AMZN=143.55 | AVGO=911.6 | META=318.98 | NVDA=454.66 | TSLA=233.87 | GOOGL=128.95 | GOOG=130.37 | COST=598.53,AAPL=buy | MSFT=buy | AMZN=buy | AVGO=buy | META=buy | NVDA=buy | TSLA=buy | GOOGL=buy | GOOG=buy | COST=buy,0.0
2023-12-05 14:00:00-05:00,10,98887.58,1603.73,False,AAPL=190.21 | MSFT=366.45 | AMZN=143.55 | AVGO=911.6 | META=318.98 | NVDA=454.66 | TSLA=233.87 | GOOGL=128.95 | GOOG=130.37 | COST=598.53,AAPL=none | MSFT=none | AMZN=none | AVGO=none | META=none | NVDA=none | TSLA=none | GOOGL=none | GOOG=none | COST=none,0.0
2023-12-05 14:30:00-05:00,10,98887.58,1603.73,False,AAPL=190.21 | MSFT=366.45 | AMZN=143.55 | AVGO=911.6 | META=318.98 | NVDA=454.66 | TSLA=233.87 | GOOGL=128.95 | GOOG=130.37 | COST=598.53,AAPL=none | MSFT=none | AMZN=none | AVGO=none | META=none | NVDA=none | TSLA=none | GOOGL=none | GOOG=none | COST=none,0.0
2023-12-05 15:00:00-05:00,10,98887.58,1603.73,False,AAPL=190.21 | MSFT=366.45 | AMZN=143.55 | AVGO=911.6 | META=318.98 | NVDA=454.66 | TSLA=233.87 | GOOGL=128.95 | GOOG=130.37 | COST=598.53,AAPL=none | MSFT=none | AMZN=none | AVGO=none | META=none | NVDA=none | TSLA=none | GOOGL=none | GOOG=none | COST=none,0.0
2023-12-05 15:30:00-05:00,10,98887.58,1603.73,False,AAPL=190.21 | MSFT=366.45 | AMZN=143.55 | AVGO=911.6 | META=318.98 | NVDA=454.66 | TSLA=233.87 | GOOGL=128.95 | GOOG=130.37 | COST=598.53,AAPL=none | MSFT=none | AMZN=none | AVGO=none | META=none | NVDA=none | TSLA=none | GOOGL=none | GOOG=none | COST=none,0.0
2023-12-05 16:00:00-05:00,10,98887.58,1603.73,False,AAPL=190.21 | MSFT=366.45 | AMZN=143.55 | AVGO=911.6 | META=318.98 | NVDA=454.66 | TSLA=233.87 | GOOGL=128.95 | GOOG=130.37 | COST=598.53,AAPL=none | MSFT=none | AMZN=none | AVGO=none | META=none | NVDA=none | TSLA=none | GOOGL=none | GOOG=none | COST=none,0.0
2023-12-06 09:30:00-05:00,10,101008.61,1604.35,True,AAPL=194.45 | MSFT=373.54 | AMZN=147.58 | AVGO=920.36 | META=321.93 | NVDA=472.15 | TSLA=242.92 | GOOGL=131.44 | GOOG=132.9 | COST=605.5,AAPL=none | MSFT=none | AMZN=none | AVGO=none | META=none | NVDA=none | TSLA=none | GOOGL=none | GOOG=none | COST=none,0.02144890187422921
2023-12-06 10:00:00-05:00,10,101008.61,1604.35,False,AAPL=194.45 | MSFT=373.54 | AMZN=147.58 | AVGO=920.36 | META=321.93 | NVDA=472.15 | TSLA=242.92 | GOOGL=131.44 | GOOG=132.9 | COST=605.5,AAPL=buy | MSFT=buy | AMZN=buy | AVGO=buy | META=buy | NVDA=buy | TSLA=buy | GOOGL=buy | GOOG=buy | COST=buy,0.0
2023-12-06 10:30:00-05:00,10,101008.61,957.06,False,AAPL=194.45 | MSFT=373.54 | AMZN=147.58 | AVGO=920.36 | META=321.93 | NVDA=472.15 | TSLA=242.92 | GOOGL=131.44 | GOOG=132.9 | COST=605.5,AAPL=none | MSFT=none | AMZN=none | AVGO=none | META=none | NVDA=none | TSLA=none | GOOGL=none | GOOG=none | COST=none,0.0
2023-12-06 11:00:00-05:00,10,101008.61,957.06,False,AAPL=194.45 | MSFT=373.54 | AMZN=147.58 | AVGO=920.36 | META=321.93 | NVDA=472.15 | TSLA=242.92 | GOOGL=131.44 | GOOG=132.9 | COST=605.5,AAPL=buy | MSFT=buy | AMZN=buy | AVGO=none | META=buy | NVDA=buy | TSLA=buy | GOOGL=buy | GOOG=buy | COST=buy,0.0
2023-12-06 11:30:00-05:00,10,101008.61,598.23,False,AAPL=194.45 | MSFT=373.54 | AMZN=147.58 | AVGO=920.36 | META=321.93 | NVDA=472.15 | TSLA=242.92 | GOOGL=131.44 | GOOG=132.9 | COST=605.5,AAPL=none | MSFT=none | AMZN=none | AVGO=none | META=none | NVDA=none | TSLA=none | GOOGL=none | GOOG=none | COST=none,0.0
2023-12-06 12:00:00-05:00,10,101008.61,598.23,False,AAPL=194.45 | MSFT=373.54 | AMZN=147.58 | AVGO=920.36 | META=321.93 | NVDA=472.15 | TSLA=242.92 | GOOGL=131.44 | GOOG=132.9 | COST=605.5,AAPL=buy | MSFT=buy | AMZN=buy | AVGO=none | META=buy | NVDA=none | TSLA=buy | GOOGL=buy | GOOG=buy | COST=none,0.0
2023-12-06 12:30:00-05:00,10,101008.61,400.33,False,AAPL=194.45 | MSFT=373.54 | AMZN=147.58 | AVGO=920.36 | META=321.93 | NVDA=472.15 | TSLA=242.92 | GOOGL=131.44 | GOOG=132.9 | COST=605.5,AAPL=none | MSFT=none | AMZN=none | AVGO=none | META=none | NVDA=none | TSLA=none | GOOGL=none | GOOG=none | COST=none,0.0
2023-12-06 13:00:00-05:00,10,101008.61,400.33,False,AAPL=194.45 | MSFT=373.54 | AMZN=147.58 | AVGO=920.36 | META=321.93 | NVDA=472.15 | TSLA=242.92 | GOOGL=131.44 | GOOG=132.9 | COST=605.5,AAPL=none | MSFT=none | AMZN=none | AVGO=none | META=none | NVDA=none | TSLA=none | GOOGL=none | GOOG=none | COST=none,0.0
2023-12-06 13:30:00-05:00,10,101008.61,400.33,False,AAPL=194.45 | MSFT=373.54 | AMZN=147.58 | AVGO=920.36 | META=321.93 | NVDA=472.15 | TSLA=242.92 | GOOGL=131.44 | GOOG=132.9 | COST=605.5,AAPL=none | MSFT=none | AMZN=none | AVGO=none | META=none | NVDA=none | TSLA=none | GOOGL=none | GOOG=none | COST=none,0.0
2023-12-06 14:00:00-05:00,10,101008.61,400.33,False,AAPL=194.45 | MSFT=373.54 | AMZN=147.58 | AVGO=920.36 | META=321.93 | NVDA=472.15 | TSLA=242.92 | GOOGL=131.44 | GOOG=132.9 | COST=605.5,AAPL=buy | MSFT=none | AMZN=buy | AVGO=none | META=buy | NVDA=none | TSLA=buy | GOOGL=buy | GOOG=buy | COST=none,0.0
2023-12-06 14:30:00-05:00,10,101008.61,295.92,False,AAPL=194.45 | MSFT=373.54 | AMZN=147.58 | AVGO=920.36 | META=321.93 | NVDA=472.15 | TSLA=242.92 | GOOGL=131.44 | GOOG=132.9 | COST=605.5,AAPL=buy | MSFT=none | AMZN=buy | AVGO=none | META=none | NVDA=none | TSLA=buy | GOOGL=buy | GOOG=buy | COST=none,0.0
2023-12-06 15:00:00-05:00,10,101008.61,228.42,False,AAPL=194.45 | MSFT=373.54 | AMZN=147.58 | AVGO=920.36 | META=321.93 | NVDA=472.15 | TSLA=242.92 | GOOGL=131.44 | GOOG=132.9 | COST=605.5,AAPL=none | MSFT=none | AMZN=none | AVGO=none | META=none | NVDA=none | TSLA=none | GOOGL=none | GOOG=none | COST=none,0.0
2023-12-06 15:30:00-05:00,10,101008.61,228.42,False,AAPL=194.45 | MSFT=373.54 | AMZN=147.58 | AVGO=920.36 | META=321.93 | NVDA=472.15 | TSLA=242.92 | GOOGL=131.44 | GOOG=132.9 | COST=605.5,AAPL=none | MSFT=none | AMZN=none | AVGO=none | META=none | NVDA=none | TSLA=none | GOOGL=none | GOOG=none | COST=none,0.0
2023-12-06 16:00:00-05:00,10,101008.61,228.42,False,AAPL=194.45 | MSFT=373.54 | AMZN=147.58 | AVGO=920.36 | META=321.93 | NVDA=472.15 | TSLA=242.92 | GOOGL=131.44 | GOOG=132.9 | COST=605.5,AAPL=none | MSFT=none | AMZN=none | AVGO=none | META=none | NVDA=none | TSLA=none | GOOGL=none | GOOG=none | COST=none,0.0
2023-12-07 09:30:00-05:00,10,100256.39,228.42,True,AAPL=193.63 | MSFT=368.23 | AMZN=146.15 | AVGO=905.54 | META=317.77 | NVDA=457.0 | TSLA=241.55 | GOOGL=135.04 | GOOG=136.6 | COST=610.0,AAPL=none | MSFT=none | AMZN=none | AVGO=none | META=none | NVDA=none | TSLA=none | GOOGL=none | GOOG=none | COST=none,-0.007447087926464868
2023-12-07 10:00:00-05:00,10,100256.39,228.42,False,AAPL=193.63 | MSFT=368.23 | AMZN=146.15 | AVGO=905.54 | META=317.77 | NVDA=457.0 | TSLA=241.55 | GOOGL=135.04 | GOOG=136.6 | COST=610.0,AAPL=none | MSFT=none | AMZN=none | AVGO=none | META=none | NVDA=none | TSLA=none | GOOGL=none | GOOG=none | COST=none,0.0
2023-12-07 10:30:00-05:00,10,100256.39,228.42,False,AAPL=193.63 | MSFT=368.23 | AMZN=146.15 | AVGO=905.54 | META=317.77 | NVDA=457.0 | TSLA=241.55 | GOOGL=135.04 | GOOG=136.6 | COST=610.0,AAPL=none | MSFT=none | AMZN=none | AVGO=none | META=none | NVDA=none | TSLA=none | GOOGL=none | GOOG=none | COST=none,0.0
2023-12-07 11:00:00-05:00,10,100256.39,228.42,False,AAPL=193.63 | MSFT=368.23 | AMZN=146.15 | AVGO=905.54 | META=317.77 | NVDA=457.0 | TSLA=241.55 | GOOGL=135.04 | GOOG=136.6 | COST=610.0,AAPL=none | MSFT=none | AMZN=none | AVGO=none | META=none | NVDA=none | TSLA=none | GOOGL=none | GOOG=none | COST=none,0.0
2023-12-07 11:30:00-05:00,10,100256.39,228.42,False,AAPL=193.63 | MSFT=368.23 | AMZN=146.15 | AVGO=905.54 | META=317.77 | NVDA=457.0 | TSLA=241.55 | GOOGL=135.04 | GOOG=136.6 | COST=610.0,AAPL=none | MSFT=none | AMZN=none | AVGO=none | META=none | NVDA=none | TSLA=none | GOOGL=none | GOOG=none | COST=none,0.0
2023-12-07 12:00:00-05:00,10,100256.39,228.42,False,AAPL=193.63 | MSFT=368.23 | AMZN=146.15 | AVGO=905.54 | META=317.77 | NVDA=457.0 | TSLA=241.55 | GOOGL=135.04 | GOOG=136.6 | COST=610.0,AAPL=none | MSFT=none | AMZN=none | AVGO=none | META=none | NVDA=none | TSLA=none | GOOGL=none | GOOG=none | COST=none,0.0
2023-12-07 12:30:00-05:00,10,100256.39,228.42,False,AAPL=193.63 | MSFT=368.23 | AMZN=146.15 | AVGO=905.54 | META=317.77 | NVDA=457.0 | TSLA=241.55 | GOOGL=135.04 | GOOG=136.6 | COST=610.0,AAPL=none | MSFT=none | AMZN=none | AVGO=none | META=none | NVDA=none | TSLA=none | GOOGL=none | GOOG=none | COST=none,0.0
2023-12-07 13:00:00-05:00,10,100256.39,228.42,False,AAPL=193.63 | MSFT=368.23 | AMZN=146.15 | AVGO=905.54 | META=317.77 | NVDA=457.0 | TSLA=241.55 | GOOGL=135.04 | GOOG=136.6 | COST=610.0,AAPL=none | MSFT=none | AMZN=none | AVGO=none | META=none | NVDA=none | TSLA=none | GOOGL=none | GOOG=none | COST=none,0.0
2023-12-07 13:30:00-05:00,10,100256.39,228.42,False,AAPL=193.63 | MSFT=368.23 | AMZN=146.15 | AVGO=905.54 | META=317.77 | NVDA=457.0 | TSLA=241.55 | GOOGL=135.04 | GOOG=136.6 | COST=610.0,AAPL=none | MSFT=none | AMZN=none | AVGO=none | META=none | NVDA=none | TSLA=none | GOOGL=none | GOOG=none | COST=none,0.0
2023-12-07 14:00:00-05:00,10,100256.39,228.42,False,AAPL=193.63 | MSFT=368.23 | AMZN=146.15 | AVGO=905.54 | META=317.77 | NVDA=457.0 | TSLA=241.55 | GOOGL=135.04 | GOOG=136.6 | COST=610.0,AAPL=none | MSFT=none | AMZN=none | AVGO=none | META=none | NVDA=none | TSLA=none | GOOGL=none | GOOG=none | COST=none,0.0
2023-12-07 14:30:00-05:00,10,100256.39,228.42,False,AAPL=193.63 | MSFT=368.23 | AMZN=146.15 | AVGO=905.54 | META=317.77 | NVDA=457.0 | TSLA=241.55 | GOOGL=135.04 | GOOG=136.6 | COST=610.0,AAPL=none | MSFT=none | AMZN=none | AVGO=none | META=none | NVDA=none | TSLA=none | GOOGL=none | GOOG=none | COST=none,0.0
2023-12-07 15:00:00-05:00,10,100256.39,228.42,False,AAPL=193.63 | MSFT=368.23 | AMZN=146.15 | AVGO=905.54 | META=317.77 | NVDA=457.0 | TSLA=241.55 | GOOGL=135.04 | GOOG=136.6 | COST=610.0,AAPL=none | MSFT=none | AMZN=none | AVGO=none | META=none | NVDA=none | TSLA=none | GOOGL=none | GOOG=none | COST=none,0.0
2023-12-07 15:30:00-05:00,10,100256.39,228.42,False,AAPL=193.63 | MSFT=368.23 | AMZN=146.15 | AVGO=905.54 | META=317.77 | NVDA=457.0 | TSLA=241.55 | GOOGL=135.04 | GOOG=136.6 | COST=610.0,AAPL=none | MSFT=none | AMZN=none | AVGO=none | META=none | NVDA=none | TSLA=none | GOOGL=none | GOOG=none | COST=none,0.0
2023-12-07 16:00:00-05:00,10,100256.39,228.42,False,AAPL=193.63 | MSFT=368.23 | AMZN=146.15 | AVGO=905.54 | META=317.77 | NVDA=457.0 | TSLA=241.55 | GOOGL=135.04 | GOOG=136.6 | COST=610.0,AAPL=none | MSFT=none | AMZN=none | AVGO=none | META=none | NVDA=none | TSLA=none | GOOGL=none | GOOG=none | COST=none,0.0
2023-12-08 09:30:00-05:00,10,100705.91,228.42,True,AAPL=194.2 | MSFT=369.2 | AMZN=145.48 | AVGO=927.84 | META=323.09 | NVDA=465.95 | TSLA=240.27 | GOOGL=134.2 | GOOG=135.66 | COST=608.6,AAPL=none | MSFT=none | AMZN=none | AVGO=none | META=none | NVDA=none | TSLA=none | GOOGL=none | GOOG=none | COST=none,0.0044837042307228625
2023-12-08 10:00:00-05:00,10,100705.91,228.42,False,AAPL=194.2 | MSFT=369.2 | AMZN=145.48 | AVGO=927.84 | META=323.09 | NVDA=465.95 | TSLA=240.27 | GOOGL=134.2 | GOOG=135.66 | COST=608.6,AAPL=none | MSFT=none | AMZN=none | AVGO=none | META=none | NVDA=none | TSLA=none | GOOGL=none | GOOG=none | COST=none,0.0
2023-12-08 10:30:00-05:00,10,100705.91,228.42,False,AAPL=194.2 | MSFT=369.2 | AMZN=145.48 | AVGO=927.84 | META=323.09 | NVDA=465.95 | TSLA=240.27 | GOOGL=134.2 | GOOG=135.66 | COST=608.6,AAPL=none | MSFT=none | AMZN=none | AVGO=none | META=none | NVDA=none | TSLA=none | GOOGL=none | GOOG=none | COST=none,0.0
2023-12-08 11:00:00-05:00,10,100705.91,228.42,False,AAPL=194.2 | MSFT=369.2 | AMZN=145.48 | AVGO=927.84 | META=323.09 | NVDA=465.95 | TSLA=240.27 | GOOGL=134.2 | GOOG=135.66 | COST=608.6,AAPL=none | MSFT=none | AMZN=none | AVGO=none | META=none | NVDA=none | TSLA=none | GOOGL=none | GOOG=none | COST=none,0.0
2023-12-08 11:30:00-05:00,10,100705.91,228.42,False,AAPL=194.2 | MSFT=369.2 | AMZN=145.48 | AVGO=927.84 | META=323.09 | NVDA=465.95 | TSLA=240.27 | GOOGL=134.2 | GOOG=135.66 | COST=608.6,AAPL=buy | MSFT=none | AMZN=buy | AVGO=none | META=none | NVDA=none | TSLA=none | GOOGL=buy | GOOG=buy | COST=none,0.0
2023-12-08 12:00:00-05:00,10,100705.91,183.75,False,AAPL=194.2 | MSFT=369.2 | AMZN=145.48 | AVGO=927.84 | META=323.09 | NVDA=465.95 | TSLA=240.27 | GOOGL=134.2 | GOOG=135.66 | COST=608.6,AAPL=none | MSFT=none | AMZN=none | AVGO=none | META=none | NVDA=none | TSLA=none | GOOGL=none | GOOG=none | COST=none,0.0
2023-12-08 12:30:00-05:00,10,100705.91,183.75,False,AAPL=194.2 | MSFT=369.2 | AMZN=145.48 | AVGO=927.84 | META=323.09 | NVDA=465.95 | TSLA=240.27 | GOOGL=134.2 | GOOG=135.66 | COST=608.6,AAPL=none | MSFT=none | AMZN=none | AVGO=none | META=none | NVDA=none | TSLA=none | GOOGL=none | GOOG=none | COST=none,0.0
2023-12-08 13:00:00-05:00,10,100705.91,183.75,False,AAPL=194.2 | MSFT=369.2 | AMZN=145.48 | AVGO=927.84 | META=323.09 | NVDA=465.95 | TSLA=240.27 | GOOGL=134.2 | GOOG=135.66 | COST=608.6,AAPL=none | MSFT=none | AMZN=none | AVGO=none | META=none | NVDA=none | TSLA=none | GOOGL=none | GOOG=none | COST=none,0.0
2023-12-08 13:30:00-05:00,10,100705.91,183.75,False,AAPL=194.2 | MSFT=369.2 | AMZN=145.48 | AVGO=927.84 | META=323.09 | NVDA=465.95 | TSLA=240.27 | GOOGL=134.2 | GOOG=135.66 | COST=608.6,AAPL=none | MSFT=none | AMZN=none | AVGO=none | META=none | NVDA=none | TSLA=none | GOOGL=none | GOOG=none | COST=none,0.0
2023-12-08 14:00:00-05:00,10,100705.91,183.75,False,AAPL=194.2 | MSFT=369.2 | AMZN=145.48 | AVGO=927.84 | META=323.09 | NVDA=465.95 | TSLA=240.27 | GOOGL=134.2 | GOOG=135.66 | COST=608.6,AAPL=none | MSFT=none | AMZN=none | AVGO=none | META=none | NVDA=none | TSLA=none | GOOGL=none | GOOG=none | COST=none,0.0
2023-12-08 14:30:00-05:00,10,100705.91,183.75,False,AAPL=194.2 | MSFT=369.2 | AMZN=145.48 | AVGO=927.84 | META=323.09 | NVDA=465.95 | TSLA=240.27 | GOOGL=134.2 | GOOG=135.66 | COST=608.6,AAPL=none | MSFT=none | AMZN=none | AVGO=none | META=none | NVDA=none | TSLA=none | GOOGL=none | GOOG=none | COST=none,0.0
2023-12-08 15:00:00-05:00,10,100705.91,183.75,False,AAPL=194.2 | MSFT=369.2 | AMZN=145.48 | AVGO=927.84 | META=323.09 | NVDA=465.95 | TSLA=240.27 | GOOGL=134.2 | GOOG=135.66 | COST=608.6,AAPL=none | MSFT=none | AMZN=none | AVGO=none | META=none | NVDA=none | TSLA=none | GOOGL=none | GOOG=none | COST=none,0.0
2023-12-08 15:30:00-05:00,10,100705.91,183.75,False,AAPL=194.2 | MSFT=369.2 | AMZN=145.48 | AVGO=927.84 | META=323.09 | NVDA=465.95 | TSLA=240.27 | GOOGL=134.2 | GOOG=135.66 | COST=608.6,AAPL=none | MSFT=none | AMZN=none | AVGO=none | META=none | NVDA=none | TSLA=none | GOOGL=none | GOOG=none | COST=none,0.0
2023-12-08 16:00:00-05:00,10,100705.91,183.75,False,AAPL=194.2 | MSFT=369.2 | AMZN=145.48 | AVGO=927.84 | META=323.09 | NVDA=465.95 | TSLA=240.27 | GOOGL=134.2 | GOOG=135.66 | COST=608.6,AAPL=none | MSFT=none | AMZN=none | AVGO=none | META=none | NVDA=none | TSLA=none | GOOGL=none | GOOG=none | COST=none,0.0
2023-12-11 09:30:00-05:00,10,101133.91,183.75,True,AAPL=193.11 | MSFT=368.48 | AMZN=145.66 | AVGO=957.01 | META=329.4 | NVDA=474.91 | TSLA=242.74 | GOOGL=132.38 | GOOG=133.82 | COST=621.97,AAPL=none | MSFT=none | AMZN=none | AVGO=none | META=none | NVDA=none | TSLA=none | GOOGL=none | GOOG=none | COST=none,0.00424999883323629
2023-12-11 10:00:00-05:00,10,101133.91,183.75,False,AAPL=193.11 | MSFT=368.48 | AMZN=145.66 | AVGO=957.01 | META=329.4 | NVDA=474.91 | TSLA=242.74 | GOOGL=132.38 | GOOG=133.82 | COST=621.97,AAPL=none | MSFT=none | AMZN=none | AVGO=none | META=none | NVDA=none | TSLA=none | GOOGL=none | GOOG=none | COST=none,0.0
2023-12-11 10:30:00-05:00,10,101133.91,183.75,False,AAPL=193.11 | MSFT=368.48 | AMZN=145.66 | AVGO=957.01 | META=329.4 | NVDA=474.91 | TSLA=242.74 | GOOGL=132.38 | GOOG=133.82 | COST=621.97,AAPL=none | MSFT=none | AMZN=buy | AVGO=none | META=none | NVDA=none | TSLA=none | GOOGL=buy | GOOG=buy | COST=none,0.0
2023-12-11 11:00:00-05:00,10,101133.91,164.49,False,AAPL=193.11 | MSFT=368.48 | AMZN=145.66 | AVGO=957.01 | META=329.4 | NVDA=474.91 | TSLA=242.74 | GOOGL=132.38 | GOOG=133.82 | COST=621.97,AAPL=none | MSFT=none | AMZN=none | AVGO=none | META=none | NVDA=none | TSLA=none | GOOGL=none | GOOG=none | COST=none,0.0
2023-12-11 11:30:00-05:00,10,101133.91,164.49,False,AAPL=193.11 | MSFT=368.48 | AMZN=145.66 | AVGO=957.01 | META=329.4 | NVDA=474.91 | TSLA=242.74 | GOOGL=132.38 | GOOG=133.82 | COST=621.97,AAPL=none | MSFT=none | AMZN=none | AVGO=none | META=none | NVDA=none | TSLA=none | GOOGL=none | GOOG=none | COST=none,0.0
2023-12-11 12:00:00-05:00,10,101133.91,164.49,False,AAPL=193.11 | MSFT=368.48 | AMZN=145.66 | AVGO=957.01 | META=329.4 | NVDA=474.91 | TSLA=242.74 | GOOGL=132.38 | GOOG=133.82 | COST=621.97,AAPL=none | MSFT=none | AMZN=none | AVGO=none | META=none | NVDA=none | TSLA=none | GOOGL=none | GOOG=none | COST=none,0.0
2023-12-11 12:30:00-05:00,10,101133.91,164.49,False,AAPL=193.11 | MSFT=368.48 | AMZN=145.66 | AVGO=957.01 | META=329.4 | NVDA=474.91 | TSLA=242.74 | GOOGL=132.38 | GOOG=133.82 | COST=621.97,AAPL=none | MSFT=none | AMZN=buy | AVGO=none | META=none | NVDA=none | TSLA=none | GOOGL=buy | GOOG=buy | COST=none,0.0
2023-12-11 13:00:00-05:00,10,101133.91,147.26,False,AAPL=193.11 | MSFT=368.48 | AMZN=145.66 | AVGO=957.01 | META=329.4 | NVDA=474.91 | TSLA=242.74 | GOOGL=132.38 | GOOG=133.82 | COST=621.97,AAPL=none | MSFT=none | AMZN=none | AVGO=none | META=none | NVDA=none | TSLA=none | GOOGL=none | GOOG=none | COST=none,0.0
2023-12-11 13:30:00-05:00,10,101133.91,147.26,False,AAPL=193.11 | MSFT=368.48 | AMZN=145.66 | AVGO=957.01 | META=329.4 | NVDA=474.91 | TSLA=242.74 | GOOGL=132.38 | GOOG=133.82 | COST=621.97,AAPL=none | MSFT=none | AMZN=buy | AVGO=none | META=none | NVDA=none | TSLA=none | GOOGL=buy | GOOG=buy | COST=none,0.0
2023-12-11 14:00:00-05:00,10,101133.91,131.83,False,AAPL=193.11 | MSFT=368.48 | AMZN=145.66 | AVGO=957.01 | META=329.4 | NVDA=474.91 | TSLA=242.74 | GOOGL=132.38 | GOOG=133.82 | COST=621.97,AAPL=none | MSFT=none | AMZN=none | AVGO=none | META=none | NVDA=none | TSLA=none | GOOGL=none | GOOG=none | COST=none,0.0
2023-12-11 14:30:00-05:00,10,101133.91,131.83,False,AAPL=193.11 | MSFT=368.48 | AMZN=145.66 | AVGO=957.01 | META=329.4 | NVDA=474.91 | TSLA=242.74 | GOOGL=132.38 | GOOG=133.82 | COST=621.97,AAPL=none | MSFT=none | AMZN=none | AVGO=none | META=none | NVDA=none | TSLA=none | GOOGL=none | GOOG=none | COST=none,0.0
2023-12-11 15:00:00-05:00,10,101133.91,131.83,False,AAPL=193.11 | MSFT=368.48 | AMZN=145.66 | AVGO=957.01 | META=329.4 | NVDA=474.91 | TSLA=242.74 | GOOGL=132.38 | GOOG=133.82 | COST=621.97,AAPL=none | MSFT=none | AMZN=none | AVGO=none | META=none | NVDA=none | TSLA=none | GOOGL=none | GOOG=none | COST=none,0.0
2023-12-11 15:30:00-05:00,10,101133.91,131.83,False,AAPL=193.11 | MSFT=368.48 | AMZN=145.66 | AVGO=957.01 | META=329.4 | NVDA=474.91 | TSLA=242.74 | GOOGL=132.38 | GOOG=133.82 | COST=621.97,AAPL=none | MSFT=none | AMZN=none | AVGO=none | META=none | NVDA=none | TSLA=none | GOOGL=none | GOOG=none | COST=none,0.0
2023-12-11 16:00:00-05:00,10,101133.91,131.83,False,AAPL=193.11 | MSFT=368.48 | AMZN=145.66 | AVGO=957.01 | META=329.4 | NVDA=474.91 | TSLA=242.74 | GOOGL=132.38 | GOOG=133.82 | COST=621.97,AAPL=none | MSFT=none | AMZN=none | AVGO=none | META=none | NVDA=none | TSLA=none | GOOGL=none | GOOG=none | COST=none,0.0
2023-12-12 09:30:00-05:00,10,101455.73,131.83,True,AAPL=193.08 | MSFT=370.85 | AMZN=145.52 | AVGO=1027.99 | META=324.6 | NVDA=460.46 | TSLA=238.55 | GOOGL=131.81 | GOOG=133.27 | COST=627.44,AAPL=none | MSFT=none | AMZN=none | AVGO=none | META=none | NVDA=none | TSLA=none | GOOGL=none | GOOG=none | COST=none,0.00318211764975751
2023-12-12 10:00:00-05:00,10,101455.73,131.83,False,AAPL=193.08 | MSFT=370.85 | AMZN=145.52 | AVGO=1027.99 | META=324.6 | NVDA=460.46 | TSLA=238.55 | GOOGL=131.81 | GOOG=133.27 | COST=627.44,AAPL=none | MSFT=none | AMZN=none | AVGO=none | META=none | NVDA=none | TSLA=none | GOOGL=buy | GOOG=none | COST=none,0.0
2023-12-12 10:30:00-05:00,10,101455.73,128.13,False,AAPL=193.08 | MSFT=370.85 | AMZN=145.52 | AVGO=1027.99 | META=324.6 | NVDA=460.46 | TSLA=238.55 | GOOGL=131.81 | GOOG=133.27 | COST=627.44,AAPL=none | MSFT=none | AMZN=none | AVGO=none | META=none | NVDA=none | TSLA=none | GOOGL=none | GOOG=none | COST=none,0.0
2023-12-12 11:00:00-05:00,10,101455.73,128.13,False,AAPL=193.08 | MSFT=370.85 | AMZN=145.52 | AVGO=1027.99 | META=324.6 | NVDA=460.46 | TSLA=238.55 | GOOGL=131.81 | GOOG=133.27 | COST=627.44,AAPL=none | MSFT=none | AMZN=none | AVGO=none | META=none | NVDA=none | TSLA=none | GOOGL=none | GOOG=none | COST=none,0.0
2023-12-12 11:30:00-05:00,10,101455.73,128.13,False,AAPL=193.08 | MSFT=370.85 | AMZN=145.52 | AVGO=1027.99 | META=324.6 | NVDA=460.46 | TSLA=238.55 | GOOGL=131.81 | GOOG=133.27 | COST=627.44,AAPL=none | MSFT=none | AMZN=none | AVGO=none | META=none | NVDA=none | TSLA=none | GOOGL=none | GOOG=none | COST=none,0.0
2023-12-12 12:00:00-05:00,10,101455.73,128.13,False,AAPL=193.08 | MSFT=370.85 | AMZN=145.52 | AVGO=1027.99 | META=324.6 | NVDA=460.46 | TSLA=238.55 | GOOGL=131.81 | GOOG=133.27 | COST=627.44,AAPL=none | MSFT=none | AMZN=none | AVGO=none | META=none | NVDA=none | TSLA=none | GOOGL=none | GOOG=none | COST=none,0.0
2023-12-12 12:30:00-05:00,10,101455.73,128.13,False,AAPL=193.08 | MSFT=370.85 | AMZN=145.52 | AVGO=1027.99 | META=324.6 | NVDA=460.46 | TSLA=238.55 | GOOGL=131.81 | GOOG=133.27 | COST=627.44,AAPL=none | MSFT=none | AMZN=none | AVGO=none | META=none | NVDA=none | TSLA=none | GOOGL=none | GOOG=none | COST=none,0.0
2023-12-12 13:00:00-05:00,10,101455.73,128.13,False,AAPL=193.08 | MSFT=370.85 | AMZN=145.52 | AVGO=1027.99 | META=324.6 | NVDA=460.46 | TSLA=238.55 | GOOGL=131.81 | GOOG=133.27 | COST=627.44,AAPL=none | MSFT=none | AMZN=none | AVGO=none | META=none | NVDA=none | TSLA=none | GOOGL=none | GOOG=none | COST=none,0.0
2023-12-12 13:30:00-05:00,10,101455.73,128.13,False,AAPL=193.08 | MSFT=370.85 | AMZN=145.52 | AVGO=1027.99 | META=324.6 | NVDA=460.46 | TSLA=238.55 | GOOGL=131.81 | GOOG=133.27 | COST=627.44,AAPL=none | MSFT=none | AMZN=none | AVGO=none | META=none | NVDA=none | TSLA=none | GOOGL=none | GOOG=none | COST=none,0.0
2023-12-12 14:00:00-05:00,10,101455.73,128.13,False,AAPL=193.08 | MSFT=370.85 | AMZN=145.52 | AVGO=1027.99 | META=324.6 | NVDA=460.46 | TSLA=238.55 | GOOGL=131.81 | GOOG=133.27 | COST=627.44,AAPL=none | MSFT=none | AMZN=none | AVGO=none | META=none | NVDA=none | TSLA=none | GOOGL=none | GOOG=none | COST=none,0.0
2023-12-12 14:30:00-05:00,10,101455.73,128.13,False,AAPL=193.08 | MSFT=370.85 | AMZN=145.52 | AVGO=1027.99 | META=324.6 | NVDA=460.46 | TSLA=238.55 | GOOGL=131.81 | GOOG=133.27 | COST=627.44,AAPL=none | MSFT=none | AMZN=none | AVGO=none | META=none | NVDA=none | TSLA=none | GOOGL=none | GOOG=none | COST=none,0.0
2023-12-12 15:00:00-05:00,10,101455.73,128.13,False,AAPL=193.08 | MSFT=370.85 | AMZN=145.52 | AVGO=1027.99 | META=324.6 | NVDA=460.46 | TSLA=238.55 | GOOGL=131.81 | GOOG=133.27 | COST=627.44,AAPL=none | MSFT=none | AMZN=none | AVGO=none | META=none | NVDA=none | TSLA=none | GOOGL=none | GOOG=none | COST=none,0.0
2023-12-12 15:30:00-05:00,10,101455.73,128.13,False,AAPL=193.08 | MSFT=370.85 | AMZN=145.52 | AVGO=1027.99 | META=324.6 | NVDA=460.46 | TSLA=238.55 | GOOGL=131.81 | GOOG=133.27 | COST=627.44,AAPL=none | MSFT=none | AMZN=none | AVGO=none | META=none | NVDA=none | TSLA=none | GOOGL=none | GOOG=none | COST=none,0.0
2023-12-12 16:00:00-05:00,10,101455.73,128.13,False,AAPL=193.08 | MSFT=370.85 | AMZN=145.52 | AVGO=1027.99 | META=324.6 | NVDA=460.46 | TSLA=238.55 | GOOGL=131.81 | GOOG=133.27 | COST=627.44,AAPL=none | MSFT=none | AMZN=none | AVGO=none | META=none | NVDA=none | TSLA=none | GOOGL=none | GOOG=none | COST=none,0.0
2023-12-13 09:30:00-05:00,10,103068.86,857.27,True,AAPL=195.09 | MSFT=376.02 | AMZN=148.12 | AVGO=1068.0 | META=333.93 | NVDA=476.29 | TSLA=234.19 | GOOGL=133.38 | GOOG=134.54 | COST=633.92,AAPL=none | MSFT=none | AMZN=none | AVGO=none | META=none | NVDA=none | TSLA=none | GOOGL=none | GOOG=none | COST=none,0.015899841241100887
2023-12-13 10:00:00-05:00,10,103068.86,857.27,False,AAPL=195.09 | MSFT=376.02 | AMZN=148.12 | AVGO=1068.0 | META=333.93 | NVDA=476.29 | TSLA=234.19 | GOOGL=133.38 | GOOG=134.54 | COST=633.92,AAPL=buy | MSFT=buy | AMZN=buy | AVGO=none | META=buy | NVDA=buy | TSLA=buy | GOOGL=buy | GOOG=buy | COST=none,0.0
2023-12-13 10:30:00-05:00,10,103068.86,549.89,False,AAPL=195.09 | MSFT=376.02 | AMZN=148.12 | AVGO=1068.0 | META=333.93 | NVDA=476.29 | TSLA=234.19 | GOOGL=133.38 | GOOG=134.54 | COST=633.92,AAPL=none | MSFT=none | AMZN=none | AVGO=none | META=none | NVDA=none | TSLA=none | GOOGL=none | GOOG=none | COST=none,0.0
2023-12-13 11:00:00-05:00,10,103068.86,549.89,False,AAPL=195.09 | MSFT=376.02 | AMZN=148.12 | AVGO=1068.0 | META=333.93 | NVDA=476.29 | TSLA=234.19 | GOOGL=133.38 | GOOG=134.54 | COST=633.92,AAPL=buy | MSFT=buy | AMZN=buy | AVGO=none | META=buy | NVDA=none | TSLA=buy | GOOGL=buy | GOOG=buy | COST=none,0.0
2023-12-13 11:30:00-05:00,10,103068.86,367.98,False,AAPL=195.09 | MSFT=376.02 | AMZN=148.12 | AVGO=1068.0 | META=333.93 | NVDA=476.29 | TSLA=234.19 | GOOGL=133.38 | GOOG=134.54 | COST=633.92,AAPL=none | MSFT=none | AMZN=none | AVGO=none | META=none | NVDA=none | TSLA=none | GOOGL=none | GOOG=none | COST=none,0.0
2023-12-13 12:00:00-05:00,10,103068.86,367.98,False,AAPL=195.09 | MSFT=376.02 | AMZN=148.12 | AVGO=1068.0 | META=333.93 | NVDA=476.29 | TSLA=234.19 | GOOGL=133.38 | GOOG=134.54 | COST=633.92,AAPL=none | MSFT=none | AMZN=none | AVGO=none | META=none | NVDA=none | TSLA=none | GOOGL=none | GOOG=none | COST=none,0.0
2023-12-13 12:30:00-05:00,10,103068.86,367.98,False,AAPL=195.09 | MSFT=376.02 | AMZN=148.12 | AVGO=1068.0 | META=333.93 | NVDA=476.29 | TSLA=234.19 | GOOGL=133.38 | GOOG=134.54 | COST=633.92,AAPL=none | MSFT=none | AMZN=none | AVGO=none | META=none | NVDA=none | TSLA=none | GOOGL=none | GOOG=none | COST=none,0.0
2023-12-13 13:00:00-05:00,10,103068.86,367.98,False,AAPL=195.09 | MSFT=376.02 | AMZN=148.12 | AVGO=1068.0 | META=333.93 | NVDA=476.29 | TSLA=234.19 | GOOGL=133.38 | GOOG=134.54 | COST=633.92,AAPL=none | MSFT=none | AMZN=none | AVGO=none | META=none | NVDA=none | TSLA=none | GOOGL=none | GOOG=none | COST=none,0.0
2023-12-13 13:30:00-05:00,10,103068.86,367.98,False,AAPL=195.09 | MSFT=376.02 | AMZN=148.12 | AVGO=1068.0 | META=333.93 | NVDA=476.29 | TSLA=234.19 | GOOGL=133.38 | GOOG=134.54 | COST=633.92,AAPL=none | MSFT=none | AMZN=none | AVGO=none | META=none | NVDA=none | TSLA=none | GOOGL=none | GOOG=none | COST=none,0.0
2023-12-13 14:00:00-05:00,10,103068.86,367.98,False,AAPL=195.09 | MSFT=376.02 | AMZN=148.12 | AVGO=1068.0 | META=333.93 | NVDA=476.29 | TSLA=234.19 | GOOGL=133.38 | GOOG=134.54 | COST=633.92,AAPL=none | MSFT=none | AMZN=none | AVGO=none | META=none | NVDA=none | TSLA=none | GOOGL=none | GOOG=none | COST=none,0.0
2023-12-13 14:30:00-05:00,10,103068.86,367.98,False,AAPL=195.09 | MSFT=376.02 | AMZN=148.12 | AVGO=1068.0 | META=333.93 | NVDA=476.29 | TSLA=234.19 | GOOGL=133.38 | GOOG=134.54 | COST=633.92,AAPL=none | MSFT=none | AMZN=none | AVGO=none | META=none | NVDA=none | TSLA=none | GOOGL=none | GOOG=none | COST=none,0.0
2023-12-13 15:00:00-05:00,10,103068.86,367.98,False,AAPL=195.09 | MSFT=376.02 | AMZN=148.12 | AVGO=1068.0 | META=333.93 | NVDA=476.29 | TSLA=234.19 | GOOGL=133.38 | GOOG=134.54 | COST=633.92,AAPL=none | MSFT=none | AMZN=none | AVGO=none | META=none | NVDA=none | TSLA=none | GOOGL=none | GOOG=none | COST=none,0.0
2023-12-13 15:30:00-05:00,10,103068.86,367.98,False,AAPL=195.09 | MSFT=376.02 | AMZN=148.12 | AVGO=1068.0 | META=333.93 | NVDA=476.29 | TSLA=234.19 | GOOGL=133.38 | GOOG=134.54 | COST=633.92,AAPL=none | MSFT=none | AMZN=none | AVGO=none | META=none | NVDA=none | TSLA=none | GOOGL=none | GOOG=none | COST=none,0.0
2023-12-13 16:00:00-05:00,10,103068.86,367.98,False,AAPL=195.09 | MSFT=376.02 | AMZN=148.12 | AVGO=1068.0 | META=333.93 | NVDA=476.29 | TSLA=234.19 | GOOGL=133.38 | GOOG=134.54 | COST=633.92,AAPL=none | MSFT=none | AMZN=none | AVGO=none | META=none | NVDA=none | TSLA=none | GOOGL=none | GOOG=none | COST=none,0.0
2023-12-14 09:30:00-05:00,10,104151.79,10103.01,True,AAPL=198.02 | MSFT=373.31 | AMZN=149.93 | AVGO=1092.18 | META=333.85 | NVDA=483.9 | TSLA=241.22 | GOOGL=133.38 | GOOG=134.77 | COST=641.18,AAPL=none | MSFT=none | AMZN=none | AVGO=none | META=none | NVDA=none | TSLA=none | GOOGL=none | GOOG=none | COST=none,0.010506859200732244
2023-12-14 10:00:00-05:00,10,104151.79,10103.01,False,AAPL=198.02 | MSFT=373.31 | AMZN=149.93 | AVGO=1092.18 | META=333.85 | NVDA=483.9 | TSLA=241.22 | GOOGL=133.38 | GOOG=134.77 | COST=641.18,AAPL=buy | MSFT=buy | AMZN=buy | AVGO=buy | META=buy | NVDA=buy | TSLA=buy | GOOGL=buy | GOOG=buy | COST=buy,0.0
2023-12-14 10:30:00-05:00,10,104151.79,6026.88,False,AAPL=198.02 | MSFT=373.31 | AMZN=149.93 | AVGO=1092.18 | META=333.85 | NVDA=483.9 | TSLA=241.22 | GOOGL=133.38 | GOOG=134.77 | COST=641.18,AAPL=none | MSFT=none | AMZN=none | AVGO=none | META=none | NVDA=none | TSLA=none | GOOGL=none | GOOG=none | COST=none,0.0
2023-12-14 11:00:00-05:00,10,104151.79,6026.88,False,AAPL=198.02 | MSFT=373.31 | AMZN=149.93 | AVGO=1092.18 | META=333.85 | NVDA=483.9 | TSLA=241.22 | GOOGL=133.38 | GOOG=134.77 | COST=641.18,AAPL=none | MSFT=none | AMZN=none | AVGO=none | META=none | NVDA=none | TSLA=none | GOOGL=none | GOOG=none | COST=none,0.0
2023-12-14 11:30:00-05:00,10,104151.79,6026.88,False,AAPL=198.02 | MSFT=373.31 | AMZN=149.93 | AVGO=1092.18 | META=333.85 | NVDA=483.9 | TSLA=241.22 | GOOGL=133.38 | GOOG=134.77 | COST=641.18,AAPL=none | MSFT=none | AMZN=none | AVGO=none | META=none | NVDA=none | TSLA=none | GOOGL=none | GOOG=none | COST=none,0.0
2023-12-14 12:00:00-05:00,10,104151.79,6026.88,False,AAPL=198.02 | MSFT=373.31 | AMZN=149.93 | AVGO=1092.18 | META=333.85 | NVDA=483.9 | TSLA=241.22 | GOOGL=133.38 | GOOG=134.77 | COST=641.18,AAPL=none | MSFT=none | AMZN=none | AVGO=none | META=none | NVDA=none | TSLA=none | GOOGL=none | GOOG=none | COST=none,0.0
2023-12-14 12:30:00-05:00,10,104151.79,6026.88,False,AAPL=198.02 | MSFT=373.31 | AMZN=149.93 | AVGO=1092.18 | META=333.85 | NVDA=483.9 | TSLA=241.22 | GOOGL=133.38 | GOOG=134.77 | COST=641.18,AAPL=none | MSFT=none | AMZN=none | AVGO=none | META=none | NVDA=none | TSLA=none | GOOGL=none | GOOG=none | COST=none,0.0
2023-12-14 13:00:00-05:00,10,104151.79,6026.88,False,AAPL=198.02 | MSFT=373.31 | AMZN=149.93 | AVGO=1092.18 | META=333.85 | NVDA=483.9 | TSLA=241.22 | GOOGL=133.38 | GOOG=134.77 | COST=641.18,AAPL=none | MSFT=none | AMZN=none | AVGO=none | META=none | NVDA=none | TSLA=none | GOOGL=none | GOOG=none | COST=none,0.0
2023-12-14 13:30:00-05:00,10,104151.79,6026.88,False,AAPL=198.02 | MSFT=373.31 | AMZN=149.93 | AVGO=1092.18 | META=333.85 | NVDA=483.9 | TSLA=241.22 | GOOGL=133.38 | GOOG=134.77 | COST=641.18,AAPL=none | MSFT=none | AMZN=none | AVGO=none | META=none | NVDA=none | TSLA=none | GOOGL=none | GOOG=none | COST=none,0.0
2023-12-14 14:00:00-05:00,10,104151.79,6026.88,False,AAPL=198.02 | MSFT=373.31 | AMZN=149.93 | AVGO=1092.18 | META=333.85 | NVDA=483.9 | TSLA=241.22 | GOOGL=133.38 | GOOG=134.77 | COST=641.18,AAPL=none | MSFT=none | AMZN=none | AVGO=none | META=none | NVDA=none | TSLA=none | GOOGL=none | GOOG=none | COST=none,0.0
2023-12-14 14:30:00-05:00,10,104151.79,6026.88,False,AAPL=198.02 | MSFT=373.31 | AMZN=149.93 | AVGO=1092.18 | META=333.85 | NVDA=483.9 | TSLA=241.22 | GOOGL=133.38 | GOOG=134.77 | COST=641.18,AAPL=none | MSFT=none | AMZN=none | AVGO=none | META=none | NVDA=none | TSLA=none | GOOGL=none | GOOG=none | COST=none,0.0
2023-12-14 15:00:00-05:00,10,104151.79,6026.88,False,AAPL=198.02 | MSFT=373.31 | AMZN=149.93 | AVGO=1092.18 | META=333.85 | NVDA=483.9 | TSLA=241.22 | GOOGL=133.38 | GOOG=134.77 | COST=641.18,AAPL=none | MSFT=none | AMZN=none | AVGO=none | META=none | NVDA=none | TSLA=none | GOOGL=none | GOOG=none | COST=none,0.0
2023-12-14 15:30:00-05:00,10,104151.79,6026.88,False,AAPL=198.02 | MSFT=373.31 | AMZN=149.93 | AVGO=1092.18 | META=333.85 | NVDA=483.9 | TSLA=241.22 | GOOGL=133.38 | GOOG=134.77 | COST=641.18,AAPL=none | MSFT=none | AMZN=none | AVGO=none | META=none | NVDA=none | TSLA=none | GOOGL=none | GOOG=none | COST=none,0.0
2023-12-14 16:00:00-05:00,10,104151.79,6026.88,False,AAPL=198.02 | MSFT=373.31 | AMZN=149.93 | AVGO=1092.18 | META=333.85 | NVDA=483.9 | TSLA=241.22 | GOOGL=133.38 | GOOG=134.77 | COST=641.18,AAPL=none | MSFT=none | AMZN=none | AVGO=none | META=none | NVDA=none | TSLA=none | GOOGL=none | GOOG=none | COST=none,0.0
2023-12-15 09:30:00-05:00,10,103683.32,6026.88,True,AAPL=197.53 | MSFT=366.85 | AMZN=148.38 | AVGO=1095.22 | META=331.99 | NVDA=481.94 | TSLA=251.21 | GOOGL=131.62 | GOOG=132.92 | COST=641.5,AAPL=none | MSFT=none | AMZN=none | AVGO=none | META=none | NVDA=none | TSLA=none | GOOGL=none | GOOG=none | COST=none,-0.0044979543798525645
2023-12-15 10:00:00-05:00,10,103683.32,6026.88,False,AAPL=197.53 | MSFT=366.85 | AMZN=148.38 | AVGO=1095.22 | META=331.99 | NVDA=481.94 | TSLA=251.21 | GOOGL=131.62 | GOOG=132.92 | COST=641.5,AAPL=sell | MSFT=sell | AMZN=sell | AVGO=sell | META=sell | NVDA=sell | TSLA=sell | GOOGL=sell | GOOG=sell | COST=sell,0.0
2023-12-15 10:30:00-05:00,10,103683.32,106696.77,False,AAPL=197.53 | MSFT=366.85 | AMZN=148.38 | AVGO=1095.22 | META=331.99 | NVDA=481.94 | TSLA=251.21 | GOOGL=131.62 | GOOG=132.92 | COST=641.5,AAPL=none | MSFT=none | AMZN=none | AVGO=none | META=none | NVDA=none | TSLA=none | GOOGL=none | GOOG=none | COST=none,0.0
2023-12-15 11:00:00-05:00,10,103683.32,106696.77,False,AAPL=197.53 | MSFT=366.85 | AMZN=148.38 | AVGO=1095.22 | META=331.99 | NVDA=481.94 | TSLA=251.21 | GOOGL=131.62 | GOOG=132.92 | COST=641.5,AAPL=none | MSFT=none | AMZN=none | AVGO=none | META=none | NVDA=none | TSLA=none | GOOGL=none | GOOG=none | COST=none,0.0
2023-12-15 11:30:00-05:00,10,103683.32,106696.77,False,AAPL=197.53 | MSFT=366.85 | AMZN=148.38 | AVGO=1095.22 | META=331.99 | NVDA=481.94 | TSLA=251.21 | GOOGL=131.62 | GOOG=132.92 | COST=641.5,AAPL=none | MSFT=none | AMZN=none | AVGO=none | META=none | NVDA=none | TSLA=none | GOOGL=none | GOOG=none | COST=none,0.0
2023-12-15 12:00:00-05:00,10,103683.32,106696.77,False,AAPL=197.53 | MSFT=366.85 | AMZN=148.38 | AVGO=1095.22 | META=331.99 | NVDA=481.94 | TSLA=251.21 | GOOGL=131.62 | GOOG=132.92 | COST=641.5,AAPL=buy | MSFT=buy | AMZN=buy | AVGO=buy | META=buy | NVDA=buy | TSLA=buy | GOOGL=buy | GOOG=buy | COST=buy,0.0
2023-12-15 12:30:00-05:00,10,103683.32,60635.75,False,AAPL=197.53 | MSFT=366.85 | AMZN=148.38 | AVGO=1095.22 | META=331.99 | NVDA=481.94 | TSLA=251.21 | GOOGL=131.62 | GOOG=132.92 | COST=641.5,AAPL=none | MSFT=none | AMZN=none | AVGO=none | META=none | NVDA=none | TSLA=none | GOOGL=none | GOOG=none | COST=none,0.0
2023-12-15 13:00:00-05:00,10,103683.32,60635.75,False,AAPL=197.53 | MSFT=366.85 | AMZN=148.38 | AVGO=1095.22 | META=331.99 | NVDA=481.94 | TSLA=251.21 | GOOGL=131.62 | GOOG=132.92 | COST=641.5,AAPL=none | MSFT=none | AMZN=none | AVGO=none | META=none | NVDA=none | TSLA=none | GOOGL=none | GOOG=none | COST=none,0.0
2023-12-15 13:30:00-05:00,10,103683.32,60635.75,False,AAPL=197.53 | MSFT=366.85 | AMZN=148.38 | AVGO=1095.22 | META=331.99 | NVDA=481.94 | TSLA=251.21 | GOOGL=131.62 | GOOG=132.92 | COST=641.5,AAPL=none | MSFT=none | AMZN=none | AVGO=none | META=none | NVDA=none | TSLA=none | GOOGL=none | GOOG=none | COST=none,0.0
2023-12-15 14:00:00-05:00,10,103683.32,60635.75,False,AAPL=197.53 | MSFT=366.85 | AMZN=148.38 | AVGO=1095.22 | META=331.99 | NVDA=481.94 | TSLA=251.21 | GOOGL=131.62 | GOOG=132.92 | COST=641.5,AAPL=none | MSFT=none | AMZN=none | AVGO=none | META=none | NVDA=none | TSLA=none | GOOGL=none | GOOG=none | COST=none,0.0
2023-12-15 14:30:00-05:00,10,103683.32,60635.75,False,AAPL=197.53 | MSFT=366.85 | AMZN=148.38 | AVGO=1095.22 | META=331.99 | NVDA=481.94 | TSLA=251.21 | GOOGL=131.62 | GOOG=132.92 | COST=641.5,AAPL=none | MSFT=none | AMZN=none | AVGO=none | META=none | NVDA=none | TSLA=none | GOOGL=none | GOOG=none | COST=none,0.0
2023-12-15 15:00:00-05:00,10,103683.32,60635.75,False,AAPL=197.53 | MSFT=366.85 | AMZN=148.38 | AVGO=1095.22 | META=331.99 | NVDA=481.94 | TSLA=251.21 | GOOGL=131.62 | GOOG=132.92 | COST=641.5,AAPL=none | MSFT=none | AMZN=none | AVGO=none | META=none | NVDA=none | TSLA=none | GOOGL=none | GOOG=none | COST=none,0.0
2023-12-15 15:30:00-05:00,10,103683.32,60635.75,False,AAPL=197.53 | MSFT=366.85 | AMZN=148.38 | AVGO=1095.22 | META=331.99 | NVDA=481.94 | TSLA=251.21 | GOOGL=131.62 | GOOG=132.92 | COST=641.5,AAPL=none | MSFT=none | AMZN=none | AVGO=none | META=none | NVDA=none | TSLA=none | GOOGL=none | GOOG=none | COST=none,0.0
2023-12-15 16:00:00-05:00,10,103683.32,60635.75,False,AAPL=197.53 | MSFT=366.85 | AMZN=148.38 | AVGO=1095.22 | META=331.99 | NVDA=481.94 | TSLA=251.21 | GOOGL=131.62 | GOOG=132.92 | COST=641.5,AAPL=none | MSFT=none | AMZN=none | AVGO=none | META=none | NVDA=none | TSLA=none | GOOGL=none | GOOG=none | COST=none,0.0
2023-12-18 09:30:00-05:00,10,104074.41,60635.75,True,AAPL=196.09 | MSFT=369.45 | AMZN=150.56 | AVGO=1120.8 | META=337.48 | NVDA=494.0 | TSLA=253.78 | GOOGL=132.63 | GOOG=133.86 | COST=664.5,AAPL=none | MSFT=none | AMZN=none | AVGO=none | META=none | NVDA=none | TSLA=none | GOOGL=none | GOOG=none | COST=none,0.003771966406939775
2023-12-18 10:00:00-05:00,10,104074.41,60635.75,False,AAPL=196.09 | MSFT=369.45 | AMZN=150.56 | AVGO=1120.8 | META=337.48 | NVDA=494.0 | TSLA=253.78 | GOOGL=132.63 | GOOG=133.86 | COST=664.5,AAPL=none | MSFT=none | AMZN=none | AVGO=none | META=none | NVDA=none | TSLA=none | GOOGL=none | GOOG=none | COST=none,0.0
2023-12-18 10:30:00-05:00,10,104074.41,60635.75,False,AAPL=196.09 | MSFT=369.45 | AMZN=150.56 | AVGO=1120.8 | META=337.48 | NVDA=494.0 | TSLA=253.78 | GOOGL=132.63 | GOOG=133.86 | COST=664.5,AAPL=buy | MSFT=buy | AMZN=buy | AVGO=buy | META=buy | NVDA=buy | TSLA=buy | GOOGL=buy | GOOG=buy | COST=buy,0.0
2023-12-18 11:00:00-05:00,10,104074.41,36171.82,False,AAPL=196.09 | MSFT=369.45 | AMZN=150.56 | AVGO=1120.8 | META=337.48 | NVDA=494.0 | TSLA=253.78 | GOOGL=132.63 | GOOG=133.86 | COST=664.5,AAPL=none | MSFT=none | AMZN=none | AVGO=none | META=none | NVDA=none | TSLA=none | GOOGL=none | GOOG=none | COST=none,0.0
2023-12-18 11:30:00-05:00,10,104074.41,36171.82,False,AAPL=196.09 | MSFT=369.45 | AMZN=150.56 | AVGO=1120.8 | META=337.48 | NVDA=494.0 | TSLA=253.78 | GOOGL=132.63 | GOOG=133.86 | COST=664.5,AAPL=none | MSFT=none | AMZN=none | AVGO=none | META=none | NVDA=none | TSLA=none | GOOGL=none | GOOG=none | COST=none,0.0
2023-12-18 12:00:00-05:00,10,104074.41,36171.82,False,AAPL=196.09 | MSFT=369.45 | AMZN=150.56 | AVGO=1120.8 | META=337.48 | NVDA=494.0 | TSLA=253.78 | GOOGL=132.63 | GOOG=133.86 | COST=664.5,AAPL=buy | MSFT=buy | AMZN=buy | AVGO=buy | META=buy | NVDA=buy | TSLA=buy | GOOGL=buy | GOOG=buy | COST=buy,0.0
2023-12-18 12:30:00-05:00,10,104074.41,21578.03,False,AAPL=196.09 | MSFT=369.45 | AMZN=150.56 | AVGO=1120.8 | META=337.48 | NVDA=494.0 | TSLA=253.78 | GOOGL=132.63 | GOOG=133.86 | COST=664.5,AAPL=none | MSFT=none | AMZN=none | AVGO=none | META=none | NVDA=none | TSLA=none | GOOGL=none | GOOG=none | COST=none,0.0
2023-12-18 13:00:00-05:00,10,104074.41,21578.03,False,AAPL=196.09 | MSFT=369.45 | AMZN=150.56 | AVGO=1120.8 | META=337.48 | NVDA=494.0 | TSLA=253.78 | GOOGL=132.63 | GOOG=133.86 | COST=664.5,AAPL=none | MSFT=none | AMZN=none | AVGO=none | META=none | NVDA=none | TSLA=none | GOOGL=none | GOOG=none | COST=none,0.0
2023-12-18 13:30:00-05:00,10,104074.41,21578.03,False,AAPL=196.09 | MSFT=369.45 | AMZN=150.56 | AVGO=1120.8 | META=337.48 | NVDA=494.0 | TSLA=253.78 | GOOGL=132.63 | GOOG=133.86 | COST=664.5,AAPL=none | MSFT=none | AMZN=none | AVGO=none | META=none | NVDA=none | TSLA=none | GOOGL=none | GOOG=none | COST=none,0.0
2023-12-18 14:00:00-05:00,10,104074.41,21578.03,False,AAPL=196.09 | MSFT=369.45 | AMZN=150.56 | AVGO=1120.8 | META=337.48 | NVDA=494.0 | TSLA=253.78 | GOOGL=132.63 | GOOG=133.86 | COST=664.5,AAPL=none | MSFT=none | AMZN=none | AVGO=none | META=none | NVDA=none | TSLA=none | GOOGL=none | GOOG=none | COST=none,0.0
2023-12-18 14:30:00-05:00,10,104074.41,21578.03,False,AAPL=196.09 | MSFT=369.45 | AMZN=150.56 | AVGO=1120.8 | META=337.48 | NVDA=494.0 | TSLA=253.78 | GOOGL=132.63 | GOOG=133.86 | COST=664.5,AAPL=none | MSFT=none | AMZN=none | AVGO=none | META=none | NVDA=none | TSLA=none | GOOGL=none | GOOG=none | COST=none,0.0
2023-12-18 15:00:00-05:00,10,104074.41,21578.03,False,AAPL=196.09 | MSFT=369.45 | AMZN=150.56 | AVGO=1120.8 | META=337.48 | NVDA=494.0 | TSLA=253.78 | GOOGL=132.63 | GOOG=133.86 | COST=664.5,AAPL=none | MSFT=none | AMZN=none | AVGO=none | META=none | NVDA=none | TSLA=none | GOOGL=none | GOOG=none | COST=none,0.0
2023-12-18 15:30:00-05:00,10,104074.41,21578.03,False,AAPL=196.09 | MSFT=369.45 | AMZN=150.56 | AVGO=1120.8 | META=337.48 | NVDA=494.0 | TSLA=253.78 | GOOGL=132.63 | GOOG=133.86 | COST=664.5,AAPL=none | MSFT=none | AMZN=none | AVGO=none | META=none | NVDA=none | TSLA=none | GOOGL=none | GOOG=none | COST=none,0.0
2023-12-18 16:00:00-05:00,10,104074.41,21578.03,False,AAPL=196.09 | MSFT=369.45 | AMZN=150.56 | AVGO=1120.8 | META=337.48 | NVDA=494.0 | TSLA=253.78 | GOOGL=132.63 | GOOG=133.86 | COST=664.5,AAPL=none | MSFT=none | AMZN=none | AVGO=none | META=none | NVDA=none | TSLA=none | GOOGL=none | GOOG=none | COST=none,0.0
2023-12-19 09:30:00-05:00,10,104967.83,21578.03,True,AAPL=196.16 | MSFT=371.49 | AMZN=154.4 | AVGO=1142.0 | META=345.58 | NVDA=494.24 | TSLA=253.48 | GOOGL=136.84 | GOOG=138.0 | COST=675.0,AAPL=buy | MSFT=buy | AMZN=buy | AVGO=buy | META=buy | NVDA=buy | TSLA=buy | GOOGL=buy | GOOG=buy | COST=buy,0.008584434924973294
2023-12-19 10:00:00-05:00,10,104967.83,12872.22,False,AAPL=196.16 | MSFT=371.49 | AMZN=154.4 | AVGO=1142.0 | META=345.58 | NVDA=494.24 | TSLA=253.48 | GOOGL=136.84 | GOOG=138.0 | COST=675.0,AAPL=none | MSFT=none | AMZN=none | AVGO=none | META=none | NVDA=none | TSLA=none | GOOGL=none | GOOG=none | COST=none,0.0
2023-12-19 10:30:00-05:00,10,104967.83,12872.22,False,AAPL=196.16 | MSFT=371.49 | AMZN=154.4 | AVGO=1142.0 | META=345.58 | NVDA=494.24 | TSLA=253.48 | GOOGL=136.84 | GOOG=138.0 | COST=675.0,AAPL=none | MSFT=none | AMZN=none | AVGO=none | META=none | NVDA=none | TSLA=none | GOOGL=none | GOOG=none | COST=none,0.0
2023-12-19 11:00:00-05:00,10,104967.83,12872.22,False,AAPL=196.16 | MSFT=371.49 | AMZN=154.4 | AVGO=1142.0 | META=345.58 | NVDA=494.24 | TSLA=253.48 | GOOGL=136.84 | GOOG=138.0 | COST=675.0,AAPL=none | MSFT=none | AMZN=none | AVGO=none | META=none | NVDA=none | TSLA=none | GOOGL=none | GOOG=none | COST=none,0.0
2023-12-19 11:30:00-05:00,10,104967.83,12872.22,False,AAPL=196.16 | MSFT=371.49 | AMZN=154.4 | AVGO=1142.0 | META=345.58 | NVDA=494.24 | TSLA=253.48 | GOOGL=136.84 | GOOG=138.0 | COST=675.0,AAPL=none | MSFT=none | AMZN=none | AVGO=none | META=none | NVDA=none | TSLA=none | GOOGL=none | GOOG=none | COST=none,0.0
2023-12-19 12:00:00-05:00,10,104967.83,12872.22,False,AAPL=196.16 | MSFT=371.49 | AMZN=154.4 | AVGO=1142.0 | META=345.58 | NVDA=494.24 | TSLA=253.48 | GOOGL=136.84 | GOOG=138.0 | COST=675.0,AAPL=none | MSFT=none | AMZN=none | AVGO=none | META=none | NVDA=none | TSLA=none | GOOGL=none | GOOG=none | COST=none,0.0
2023-12-19 12:30:00-05:00,10,104967.83,12872.22,False,AAPL=196.16 | MSFT=371.49 | AMZN=154.4 | AVGO=1142.0 | META=345.58 | NVDA=494.24 | TSLA=253.48 | GOOGL=136.84 | GOOG=138.0 | COST=675.0,AAPL=none | MSFT=none | AMZN=none | AVGO=none | META=none | NVDA=none | TSLA=none | GOOGL=none | GOOG=none | COST=none,0.0
2023-12-19 13:00:00-05:00,10,104967.83,12872.22,False,AAPL=196.16 | MSFT=371.49 | AMZN=154.4 | AVGO=1142.0 | META=345.58 | NVDA=494.24 | TSLA=253.48 | GOOGL=136.84 | GOOG=138.0 | COST=675.0,AAPL=none | MSFT=none | AMZN=none | AVGO=none | META=none | NVDA=none | TSLA=none | GOOGL=none | GOOG=none | COST=none,0.0
2023-12-19 13:30:00-05:00,10,104967.83,12872.22,False,AAPL=196.16 | MSFT=371.49 | AMZN=154.4 | AVGO=1142.0 | META=345.58 | NVDA=494.24 | TSLA=253.48 | GOOGL=136.84 | GOOG=138.0 | COST=675.0,AAPL=buy | MSFT=buy | AMZN=buy | AVGO=buy | META=buy | NVDA=buy | TSLA=buy | GOOGL=buy | GOOG=buy | COST=buy,0.0
2023-12-19 14:00:00-05:00,10,104967.83,7678.83,False,AAPL=196.16 | MSFT=371.49 | AMZN=154.4 | AVGO=1142.0 | META=345.58 | NVDA=494.24 | TSLA=253.48 | GOOGL=136.84 | GOOG=138.0 | COST=675.0,AAPL=buy | MSFT=buy | AMZN=buy | AVGO=buy | META=buy | NVDA=buy | TSLA=buy | GOOGL=buy | GOOG=buy | COST=buy,0.0
2023-12-19 14:30:00-05:00,10,104967.83,4580.75,False,AAPL=196.16 | MSFT=371.49 | AMZN=154.4 | AVGO=1142.0 | META=345.58 | NVDA=494.24 | TSLA=253.48 | GOOGL=136.84 | GOOG=138.0 | COST=675.0,AAPL=none | MSFT=none | AMZN=none | AVGO=none | META=none | NVDA=none | TSLA=none | GOOGL=none | GOOG=none | COST=none,0.0
2023-12-19 15:00:00-05:00,10,104967.83,4580.75,False,AAPL=196.16 | MSFT=371.49 | AMZN=154.4 | AVGO=1142.0 | META=345.58 | NVDA=494.24 | TSLA=253.48 | GOOGL=136.84 | GOOG=138.0 | COST=675.0,AAPL=none | MSFT=none | AMZN=none | AVGO=none | META=none | NVDA=none | TSLA=none | GOOGL=none | GOOG=none | COST=none,0.0
2023-12-19 15:30:00-05:00,10,104967.83,4580.75,False,AAPL=196.16 | MSFT=371.49 | AMZN=154.4 | AVGO=1142.0 | META=345.58 | NVDA=494.24 | TSLA=253.48 | GOOGL=136.84 | GOOG=138.0 | COST=675.0,AAPL=buy | MSFT=buy | AMZN=buy | AVGO=buy | META=buy | NVDA=buy | TSLA=buy | GOOGL=buy | GOOG=buy | COST=buy,0.0
2023-12-19 16:00:00-05:00,10,104967.83,2732.61,False,AAPL=196.16 | MSFT=371.49 | AMZN=154.4 | AVGO=1142.0 | META=345.58 | NVDA=494.24 | TSLA=253.48 | GOOGL=136.84 | GOOG=138.0 | COST=675.0,AAPL=buy | MSFT=buy | AMZN=buy | AVGO=buy | META=buy | NVDA=buy | TSLA=buy | GOOGL=buy | GOOG=buy | COST=buy,0.0
2023-12-20 09:30:00-05:00,10,105439.14,2774.09,True,AAPL=196.9 | MSFT=375.0 | AMZN=152.9 | AVGO=1132.7 | META=348.65 | NVDA=496.55 | TSLA=256.41 | GOOGL=138.97 | GOOG=140.33 | COST=671.79,AAPL=buy | MSFT=buy | AMZN=buy | AVGO=buy | META=buy | NVDA=buy | TSLA=buy | GOOGL=buy | GOOG=buy | COST=buy,0.004490042330111965
2023-12-20 10:00:00-05:00,10,105439.14,1654.87,False,AAPL=196.9 | MSFT=375.0 | AMZN=152.9 | AVGO=1132.7 | META=348.65 | NVDA=496.55 | TSLA=256.41 | GOOGL=138.97 | GOOG=140.33 | COST=671.79,AAPL=none | MSFT=none | AMZN=none | AVGO=none | META=none | NVDA=none | TSLA=none | GOOGL=none | GOOG=none | COST=none,0.0
2023-12-20 10:30:00-05:00,10,105439.14,1654.87,False,AAPL=196.9 | MSFT=375.0 | AMZN=152.9 | AVGO=1132.7 | META=348.65 | NVDA=496.55 | TSLA=256.41 | GOOGL=138.97 | GOOG=140.33 | COST=671.79,AAPL=none | MSFT=none | AMZN=none | AVGO=none | META=none | NVDA=none | TSLA=none | GOOGL=none | GOOG=none | COST=none,0.0
2023-12-20 11:00:00-05:00,10,105439.14,1654.87,False,AAPL=196.9 | MSFT=375.0 | AMZN=152.9 | AVGO=1132.7 | META=348.65 | NVDA=496.55 | TSLA=256.41 | GOOGL=138.97 | GOOG=140.33 | COST=671.79,AAPL=none | MSFT=none | AMZN=none | AVGO=none | META=none | NVDA=none | TSLA=none | GOOGL=none | GOOG=none | COST=none,0.0
2023-12-20 11:30:00-05:00,10,105439.14,1654.87,False,AAPL=196.9 | MSFT=375.0 | AMZN=152.9 | AVGO=1132.7 | META=348.65 | NVDA=496.55 | TSLA=256.41 | GOOGL=138.97 | GOOG=140.33 | COST=671.79,AAPL=sell | MSFT=sell | AMZN=sell | AVGO=sell | META=sell | NVDA=sell | TSLA=sell | GOOGL=sell | GOOG=sell | COST=sell,0.0
2023-12-20 12:00:00-05:00,10,105439.14,106266.58,False,AAPL=196.9 | MSFT=375.0 | AMZN=152.9 | AVGO=1132.7 | META=348.65 | NVDA=496.55 | TSLA=256.41 | GOOGL=138.97 | GOOG=140.33 | COST=671.79,AAPL=none | MSFT=none | AMZN=none | AVGO=none | META=none | NVDA=none | TSLA=none | GOOGL=none | GOOG=none | COST=none,0.0
2023-12-20 12:30:00-05:00,10,105439.14,106266.58,False,AAPL=196.9 | MSFT=375.0 | AMZN=152.9 | AVGO=1132.7 | META=348.65 | NVDA=496.55 | TSLA=256.41 | GOOGL=138.97 | GOOG=140.33 | COST=671.79,AAPL=none | MSFT=none | AMZN=none | AVGO=none | META=none | NVDA=none | TSLA=none | GOOGL=none | GOOG=none | COST=none,0.0
2023-12-20 13:00:00-05:00,10,105439.14,106266.58,False,AAPL=196.9 | MSFT=375.0 | AMZN=152.9 | AVGO=1132.7 | META=348.65 | NVDA=496.55 | TSLA=256.41 | GOOGL=138.97 | GOOG=140.33 | COST=671.79,AAPL=none | MSFT=none | AMZN=none | AVGO=none | META=none | NVDA=none | TSLA=none | GOOGL=none | GOOG=none | COST=none,0.0
2023-12-20 13:30:00-05:00,10,105439.14,106266.58,False,AAPL=196.9 | MSFT=375.0 | AMZN=152.9 | AVGO=1132.7 | META=348.65 | NVDA=496.55 | TSLA=256.41 | GOOGL=138.97 | GOOG=140.33 | COST=671.79,AAPL=none | MSFT=none | AMZN=none | AVGO=none | META=none | NVDA=none | TSLA=none | GOOGL=none | GOOG=none | COST=none,0.0
2023-12-20 14:00:00-05:00,10,105439.14,106266.58,False,AAPL=196.9 | MSFT=375.0 | AMZN=152.9 | AVGO=1132.7 | META=348.65 | NVDA=496.55 | TSLA=256.41 | GOOGL=138.97 | GOOG=140.33 | COST=671.79,AAPL=none | MSFT=none | AMZN=none | AVGO=none | META=none | NVDA=none | TSLA=none | GOOGL=none | GOOG=none | COST=none,0.0
2023-12-20 14:30:00-05:00,10,105439.14,106266.58,False,AAPL=196.9 | MSFT=375.0 | AMZN=152.9 | AVGO=1132.7 | META=348.65 | NVDA=496.55 | TSLA=256.41 | GOOGL=138.97 | GOOG=140.33 | COST=671.79,AAPL=none | MSFT=none | AMZN=none | AVGO=none | META=none | NVDA=none | TSLA=none | GOOGL=none | GOOG=none | COST=none,0.0
2023-12-20 15:00:00-05:00,10,105439.14,106266.58,False,AAPL=196.9 | MSFT=375.0 | AMZN=152.9 | AVGO=1132.7 | META=348.65 | NVDA=496.55 | TSLA=256.41 | GOOGL=138.97 | GOOG=140.33 | COST=671.79,AAPL=none | MSFT=none | AMZN=none | AVGO=none | META=none | NVDA=none | TSLA=none | GOOGL=none | GOOG=none | COST=none,0.0
2023-12-20 15:30:00-05:00,10,105439.14,106266.58,False,AAPL=196.9 | MSFT=375.0 | AMZN=152.9 | AVGO=1132.7 | META=348.65 | NVDA=496.55 | TSLA=256.41 | GOOGL=138.97 | GOOG=140.33 | COST=671.79,AAPL=none | MSFT=none | AMZN=none | AVGO=none | META=none | NVDA=none | TSLA=none | GOOGL=none | GOOG=none | COST=none,0.0
2023-12-20 16:00:00-05:00,10,105439.14,106266.58,False,AAPL=196.9 | MSFT=375.0 | AMZN=152.9 | AVGO=1132.7 | META=348.65 | NVDA=496.55 | TSLA=256.41 | GOOGL=138.97 | GOOG=140.33 | COST=671.79,AAPL=none | MSFT=none | AMZN=none | AVGO=none | META=none | NVDA=none | TSLA=none | GOOGL=none | GOOG=none | COST=none,0.0
2023-12-21 09:30:00-05:00,10,105442.15,106266.58,True,AAPL=196.1 | MSFT=372.56 | AMZN=153.3 | AVGO=1132.65 | META=352.98 | NVDA=488.11 | TSLA=251.9 | GOOGL=139.49 | GOOG=140.77 | COST=665.86,AAPL=none | MSFT=none | AMZN=none | AVGO=none | META=none | NVDA=none | TSLA=none | GOOGL=none | GOOG=none | COST=none,2.8547273811074803e-05
2023-12-21 10:00:00-05:00,10,105442.15,106266.58,False,AAPL=196.1 | MSFT=372.56 | AMZN=153.3 | AVGO=1132.65 | META=352.98 | NVDA=488.11 | TSLA=251.9 | GOOGL=139.49 | GOOG=140.77 | COST=665.86,AAPL=none | MSFT=none | AMZN=none | AVGO=none | META=none | NVDA=none | TSLA=none | GOOGL=none | GOOG=none | COST=none,0.0
2023-12-21 10:30:00-05:00,10,105442.15,106266.58,False,AAPL=196.1 | MSFT=372.56 | AMZN=153.3 | AVGO=1132.65 | META=352.98 | NVDA=488.11 | TSLA=251.9 | GOOGL=139.49 | GOOG=140.77 | COST=665.86,AAPL=buy | MSFT=buy | AMZN=buy | AVGO=buy | META=buy | NVDA=buy | TSLA=buy | GOOGL=buy | GOOG=buy | COST=buy,0.0
2023-12-21 11:00:00-05:00,10,105442.15,62568.13,False,AAPL=196.1 | MSFT=372.56 | AMZN=153.3 | AVGO=1132.65 | META=352.98 | NVDA=488.11 | TSLA=251.9 | GOOGL=139.49 | GOOG=140.77 | COST=665.86,AAPL=none | MSFT=none | AMZN=none | AVGO=none | META=none | NVDA=none | TSLA=none | GOOGL=none | GOOG=none | COST=none,0.0
2023-12-21 11:30:00-05:00,10,105442.15,62568.13,False,AAPL=196.1 | MSFT=372.56 | AMZN=153.3 | AVGO=1132.65 | META=352.98 | NVDA=488.11 | TSLA=251.9 | GOOGL=139.49 | GOOG=140.77 | COST=665.86,AAPL=none | MSFT=none | AMZN=none | AVGO=none | META=none | NVDA=none | TSLA=none | GOOGL=none | GOOG=none | COST=none,0.0
2023-12-21 12:00:00-05:00,10,105442.15,62568.13,False,AAPL=196.1 | MSFT=372.56 | AMZN=153.3 | AVGO=1132.65 | META=352.98 | NVDA=488.11 | TSLA=251.9 | GOOGL=139.49 | GOOG=140.77 | COST=665.86,AAPL=none | MSFT=none | AMZN=none | AVGO=none | META=none | NVDA=none | TSLA=none | GOOGL=none | GOOG=none | COST=none,0.0
2023-12-21 12:30:00-05:00,10,105442.15,62568.13,False,AAPL=196.1 | MSFT=372.56 | AMZN=153.3 | AVGO=1132.65 | META=352.98 | NVDA=488.11 | TSLA=251.9 | GOOGL=139.49 | GOOG=140.77 | COST=665.86,AAPL=none | MSFT=none | AMZN=none | AVGO=none | META=none | NVDA=none | TSLA=none | GOOGL=none | GOOG=none | COST=none,0.0
2023-12-21 13:00:00-05:00,10,105442.15,62568.13,False,AAPL=196.1 | MSFT=372.56 | AMZN=153.3 | AVGO=1132.65 | META=352.98 | NVDA=488.11 | TSLA=251.9 | GOOGL=139.49 | GOOG=140.77 | COST=665.86,AAPL=none | MSFT=none | AMZN=none | AVGO=none | META=none | NVDA=none | TSLA=none | GOOGL=none | GOOG=none | COST=none,0.0
2023-12-21 13:30:00-05:00,10,105442.15,62568.13,False,AAPL=196.1 | MSFT=372.56 | AMZN=153.3 | AVGO=1132.65 | META=352.98 | NVDA=488.11 | TSLA=251.9 | GOOGL=139.49 | GOOG=140.77 | COST=665.86,AAPL=none | MSFT=none | AMZN=none | AVGO=none | META=none | NVDA=none | TSLA=none | GOOGL=none | GOOG=none | COST=none,0.0
2023-12-21 14:00:00-05:00,10,105442.15,62568.13,False,AAPL=196.1 | MSFT=372.56 | AMZN=153.3 | AVGO=1132.65 | META=352.98 | NVDA=488.11 | TSLA=251.9 | GOOGL=139.49 | GOOG=140.77 | COST=665.86,AAPL=none | MSFT=none | AMZN=none | AVGO=none | META=none | NVDA=none | TSLA=none | GOOGL=none | GOOG=none | COST=none,0.0
2023-12-21 14:30:00-05:00,10,105442.15,62568.13,False,AAPL=196.1 | MSFT=372.56 | AMZN=153.3 | AVGO=1132.65 | META=352.98 | NVDA=488.11 | TSLA=251.9 | GOOGL=139.49 | GOOG=140.77 | COST=665.86,AAPL=buy | MSFT=buy | AMZN=buy | AVGO=buy | META=buy | NVDA=buy | TSLA=buy | GOOGL=buy | GOOG=buy | COST=buy,0.0
2023-12-21 15:00:00-05:00,10,105442.15,37324.56,False,AAPL=196.1 | MSFT=372.56 | AMZN=153.3 | AVGO=1132.65 | META=352.98 | NVDA=488.11 | TSLA=251.9 | GOOGL=139.49 | GOOG=140.77 | COST=665.86,AAPL=none | MSFT=none | AMZN=none | AVGO=none | META=none | NVDA=none | TSLA=none | GOOGL=none | GOOG=none | COST=none,0.0
2023-12-21 15:30:00-05:00,10,105442.15,37324.56,False,AAPL=196.1 | MSFT=372.56 | AMZN=153.3 | AVGO=1132.65 | META=352.98 | NVDA=488.11 | TSLA=251.9 | GOOGL=139.49 | GOOG=140.77 | COST=665.86,AAPL=none | MSFT=none | AMZN=none | AVGO=none | META=none | NVDA=none | TSLA=none | GOOGL=none | GOOG=none | COST=none,0.0
2023-12-21 16:00:00-05:00,10,105442.15,37324.56,False,AAPL=196.1 | MSFT=372.56 | AMZN=153.3 | AVGO=1132.65 | META=352.98 | NVDA=488.11 | TSLA=251.9 | GOOGL=139.49 | GOOG=140.77 | COST=665.86,AAPL=none | MSFT=none | AMZN=none | AVGO=none | META=none | NVDA=none | TSLA=none | GOOGL=none | GOOG=none | COST=none,0.0
2023-12-22 09:30:00-05:00,10,105633.97,37324.56,True,AAPL=195.18 | MSFT=373.68 | AMZN=153.77 | AVGO=1127.98 | META=355.58 | NVDA=491.95 | TSLA=256.76 | GOOGL=140.77 | GOOG=142.13 | COST=668.0,AAPL=none | MSFT=none | AMZN=none | AVGO=none | META=none | NVDA=none | TSLA=none | GOOGL=none | GOOG=none | COST=none,0.0018191965926339648
2023-12-22 10:00:00-05:00,10,105633.97,37324.56,False,AAPL=195.18 | MSFT=373.68 | AMZN=153.77 | AVGO=1127.98 | META=355.58 | NVDA=491.95 | TSLA=256.76 | GOOGL=140.77 | GOOG=142.13 | COST=668.0,AAPL=none | MSFT=none | AMZN=none | AVGO=none | META=none | NVDA=none | TSLA=none | GOOGL=none | GOOG=none | COST=none,0.0
2023-12-22 10:30:00-05:00,10,105633.97,37324.56,False,AAPL=195.18 | MSFT=373.68 | AMZN=153.77 | AVGO=1127.98 | META=355.58 | NVDA=491.95 | TSLA=256.76 | GOOGL=140.77 | GOOG=142.13 | COST=668.0,AAPL=none | MSFT=none | AMZN=none | AVGO=none | META=none | NVDA=none | TSLA=none | GOOGL=none | GOOG=none | COST=none,0.0
2023-12-22 11:00:00-05:00,10,105633.97,37324.56,False,AAPL=195.18 | MSFT=373.68 | AMZN=153.77 | AVGO=1127.98 | META=355.58 | NVDA=491.95 | TSLA=256.76 | GOOGL=140.77 | GOOG=142.13 | COST=668.0,AAPL=buy | MSFT=buy | AMZN=buy | AVGO=buy | META=buy | NVDA=buy | TSLA=buy | GOOGL=buy | GOOG=buy | COST=buy,0.0
2023-12-22 11:30:00-05:00,10,105633.97,22265.69,False,AAPL=195.18 | MSFT=373.68 | AMZN=153.77 | AVGO=1127.98 | META=355.58 | NVDA=491.95 | TSLA=256.76 | GOOGL=140.77 | GOOG=142.13 | COST=668.0,AAPL=none | MSFT=none | AMZN=none | AVGO=none | META=none | NVDA=none | TSLA=none | GOOGL=none | GOOG=none | COST=none,0.0
2023-12-22 12:00:00-05:00,10,105633.97,22265.69,False,AAPL=195.18 | MSFT=373.68 | AMZN=153.77 | AVGO=1127.98 | META=355.58 | NVDA=491.95 | TSLA=256.76 | GOOGL=140.77 | GOOG=142.13 | COST=668.0,AAPL=none | MSFT=none | AMZN=none | AVGO=none | META=none | NVDA=none | TSLA=none | GOOGL=none | GOOG=none | COST=none,0.0
2023-12-22 12:30:00-05:00,10,105633.97,22265.69,False,AAPL=195.18 | MSFT=373.68 | AMZN=153.77 | AVGO=1127.98 | META=355.58 | NVDA=491.95 | TSLA=256.76 | GOOGL=140.77 | GOOG=142.13 | COST=668.0,AAPL=buy | MSFT=buy | AMZN=buy | AVGO=buy | META=buy | NVDA=buy | TSLA=buy | GOOGL=buy | GOOG=buy | COST=buy,0.0
2023-12-22 13:00:00-05:00,10,105633.97,13282.44,False,AAPL=195.18 | MSFT=373.68 | AMZN=153.77 | AVGO=1127.98 | META=355.58 | NVDA=491.95 | TSLA=256.76 | GOOGL=140.77 | GOOG=142.13 | COST=668.0,AAPL=none | MSFT=none | AMZN=none | AVGO=none | META=none | NVDA=none | TSLA=none | GOOGL=none | GOOG=none | COST=none,0.0
2023-12-22 13:30:00-05:00,10,105633.97,13282.44,False,AAPL=195.18 | MSFT=373.68 | AMZN=153.77 | AVGO=1127.98 | META=355.58 | NVDA=491.95 | TSLA=256.76 | GOOGL=140.77 | GOOG=142.13 | COST=668.0,AAPL=buy | MSFT=buy | AMZN=buy | AVGO=buy | META=buy | NVDA=buy | TSLA=buy | GOOGL=buy | GOOG=buy | COST=buy,0.0
2023-12-22 14:00:00-05:00,10,105633.97,7923.55,False,AAPL=195.18 | MSFT=373.68 | AMZN=153.77 | AVGO=1127.98 | META=355.58 | NVDA=491.95 | TSLA=256.76 | GOOGL=140.77 | GOOG=142.13 | COST=668.0,AAPL=buy | MSFT=buy | AMZN=buy | AVGO=buy | META=buy | NVDA=buy | TSLA=buy | GOOGL=buy | GOOG=buy | COST=buy,0.0
2023-12-22 14:30:00-05:00,10,105633.97,4726.74,False,AAPL=195.18 | MSFT=373.68 | AMZN=153.77 | AVGO=1127.98 | META=355.58 | NVDA=491.95 | TSLA=256.76 | GOOGL=140.77 | GOOG=142.13 | COST=668.0,AAPL=none | MSFT=none | AMZN=none | AVGO=none | META=none | NVDA=none | TSLA=none | GOOGL=none | GOOG=none | COST=none,0.0
2023-12-22 15:00:00-05:00,10,105633.97,4726.74,False,AAPL=195.18 | MSFT=373.68 | AMZN=153.77 | AVGO=1127.98 | META=355.58 | NVDA=491.95 | TSLA=256.76 | GOOGL=140.77 | GOOG=142.13 | COST=668.0,AAPL=buy | MSFT=buy | AMZN=buy | AVGO=buy | META=buy | NVDA=buy | TSLA=buy | GOOGL=buy | GOOG=buy | COST=buy,0.0
2023-12-22 15:30:00-05:00,10,105633.97,2819.71,False,AAPL=195.18 | MSFT=373.68 | AMZN=153.77 | AVGO=1127.98 | META=355.58 | NVDA=491.95 | TSLA=256.76 | GOOGL=140.77 | GOOG=142.13 | COST=668.0,AAPL=none | MSFT=none | AMZN=none | AVGO=none | META=none | NVDA=none | TSLA=none | GOOGL=none | GOOG=none | COST=none,0.0
2023-12-22 16:00:00-05:00,10,105633.97,2819.71,False,AAPL=195.18 | MSFT=373.68 | AMZN=153.77 | AVGO=1127.98 | META=355.58 | NVDA=491.95 | TSLA=256.76 | GOOGL=140.77 | GOOG=142.13 | COST=668.0,AAPL=none | MSFT=none | AMZN=none | AVGO=none | META=none | NVDA=none | TSLA=none | GOOGL=none | GOOG=none | COST=none,0.0
2023-12-26 09:30:00-05:00,10,105432.5,2819.71,True,AAPL=193.61 | MSFT=375.0 | AMZN=153.56 | AVGO=1124.24 | META=354.99 | NVDA=489.68 | TSLA=254.49 | GOOGL=141.59 | GOOG=142.98 | COST=673.01,AAPL=none | MSFT=none | AMZN=none | AVGO=none | META=none | NVDA=none | TSLA=none | GOOGL=none | GOOG=none | COST=none,-0.0019072463147982166
2023-12-26 10:00:00-05:00,10,105432.5,2819.71,False,AAPL=193.61 | MSFT=375.0 | AMZN=153.56 | AVGO=1124.24 | META=354.99 | NVDA=489.68 | TSLA=254.49 | GOOGL=141.59 | GOOG=142.98 | COST=673.01,AAPL=none | MSFT=none | AMZN=none | AVGO=none | META=none | NVDA=none | TSLA=none | GOOGL=none | GOOG=none | COST=none,0.0
2023-12-26 10:30:00-05:00,10,105432.5,2819.71,False,AAPL=193.61 | MSFT=375.0 | AMZN=153.56 | AVGO=1124.24 | META=354.99 | NVDA=489.68 | TSLA=254.49 | GOOGL=141.59 | GOOG=142.98 | COST=673.01,AAPL=none | MSFT=none | AMZN=none | AVGO=none | META=none | NVDA=none | TSLA=none | GOOGL=none | GOOG=none | COST=none,0.0
2023-12-26 11:00:00-05:00,10,105432.5,2819.71,False,AAPL=193.61 | MSFT=375.0 | AMZN=153.56 | AVGO=1124.24 | META=354.99 | NVDA=489.68 | TSLA=254.49 | GOOGL=141.59 | GOOG=142.98 | COST=673.01,AAPL=none | MSFT=none | AMZN=none | AVGO=none | META=none | NVDA=none | TSLA=none | GOOGL=none | GOOG=none | COST=none,0.0
2023-12-26 11:30:00-05:00,10,105432.5,2819.71,False,AAPL=193.61 | MSFT=375.0 | AMZN=153.56 | AVGO=1124.24 | META=354.99 | NVDA=489.68 | TSLA=254.49 | GOOGL=141.59 | GOOG=142.98 | COST=673.01,AAPL=none | MSFT=none | AMZN=none | AVGO=none | META=none | NVDA=none | TSLA=none | GOOGL=none | GOOG=none | COST=none,0.0
2023-12-26 12:00:00-05:00,10,105432.5,2819.71,False,AAPL=193.61 | MSFT=375.0 | AMZN=153.56 | AVGO=1124.24 | META=354.99 | NVDA=489.68 | TSLA=254.49 | GOOGL=141.59 | GOOG=142.98 | COST=673.01,AAPL=buy | MSFT=buy | AMZN=buy | AVGO=buy | META=buy | NVDA=buy | TSLA=buy | GOOGL=buy | GOOG=buy | COST=buy,0.0
2023-12-26 12:30:00-05:00,10,105432.5,1682.08,False,AAPL=193.61 | MSFT=375.0 | AMZN=153.56 | AVGO=1124.24 | META=354.99 | NVDA=489.68 | TSLA=254.49 | GOOGL=141.59 | GOOG=142.98 | COST=673.01,AAPL=none | MSFT=none | AMZN=none | AVGO=none | META=none | NVDA=none | TSLA=none | GOOGL=none | GOOG=none | COST=none,0.0
2023-12-26 13:00:00-05:00,10,105432.5,1682.08,False,AAPL=193.61 | MSFT=375.0 | AMZN=153.56 | AVGO=1124.24 | META=354.99 | NVDA=489.68 | TSLA=254.49 | GOOGL=141.59 | GOOG=142.98 | COST=673.01,AAPL=buy | MSFT=buy | AMZN=buy | AVGO=buy | META=buy | NVDA=buy | TSLA=buy | GOOGL=buy | GOOG=buy | COST=buy,0.0
2023-12-26 13:30:00-05:00,10,105432.5,1003.44,False,AAPL=193.61 | MSFT=375.0 | AMZN=153.56 | AVGO=1124.24 | META=354.99 | NVDA=489.68 | TSLA=254.49 | GOOGL=141.59 | GOOG=142.98 | COST=673.01,AAPL=none | MSFT=none | AMZN=none | AVGO=none | META=none | NVDA=none | TSLA=none | GOOGL=none | GOOG=none | COST=none,0.0
2023-12-26 14:00:00-05:00,10,105432.5,1003.44,False,AAPL=193.61 | MSFT=375.0 | AMZN=153.56 | AVGO=1124.24 | META=354.99 | NVDA=489.68 | TSLA=254.49 | GOOGL=141.59 | GOOG=142.98 | COST=673.01,AAPL=none | MSFT=none | AMZN=none | AVGO=none | META=none | NVDA=none | TSLA=none | GOOGL=none | GOOG=none | COST=none,0.0
2023-12-26 14:30:00-05:00,10,105432.5,1003.44,False,AAPL=193.61 | MSFT=375.0 | AMZN=153.56 | AVGO=1124.24 | META=354.99 | NVDA=489.68 | TSLA=254.49 | GOOGL=141.59 | GOOG=142.98 | COST=673.01,AAPL=none | MSFT=none | AMZN=none | AVGO=none | META=none | NVDA=none | TSLA=none | GOOGL=none | GOOG=none | COST=none,0.0
2023-12-26 15:00:00-05:00,10,105432.5,1003.44,False,AAPL=193.61 | MSFT=375.0 | AMZN=153.56 | AVGO=1124.24 | META=354.99 | NVDA=489.68 | TSLA=254.49 | GOOGL=141.59 | GOOG=142.98 | COST=673.01,AAPL=none | MSFT=none | AMZN=none | AVGO=none | META=none | NVDA=none | TSLA=none | GOOGL=none | GOOG=none | COST=none,0.0
2023-12-26 15:30:00-05:00,10,105432.5,1003.44,False,AAPL=193.61 | MSFT=375.0 | AMZN=153.56 | AVGO=1124.24 | META=354.99 | NVDA=489.68 | TSLA=254.49 | GOOGL=141.59 | GOOG=142.98 | COST=673.01,AAPL=none | MSFT=none | AMZN=none | AVGO=none | META=none | NVDA=none | TSLA=none | GOOGL=none | GOOG=none | COST=none,0.0
2023-12-26 16:00:00-05:00,10,105432.5,1003.44,False,AAPL=193.61 | MSFT=375.0 | AMZN=153.56 | AVGO=1124.24 | META=354.99 | NVDA=489.68 | TSLA=254.49 | GOOGL=141.59 | GOOG=142.98 | COST=673.01,AAPL=none | MSFT=none | AMZN=none | AVGO=none | META=none | NVDA=none | TSLA=none | GOOGL=none | GOOG=none | COST=none,0.0
2023-12-27 09:30:00-05:00,10,105448.4,1003.44,True,AAPL=192.49 | MSFT=373.69 | AMZN=153.56 | AVGO=1136.0 | META=356.07 | NVDA=495.11 | TSLA=258.35 | GOOGL=141.59 | GOOG=142.83 | COST=662.7,AAPL=none | MSFT=none | AMZN=none | AVGO=none | META=none | NVDA=none | TSLA=none | GOOGL=none | GOOG=none | COST=none,0.0001508073886136163
2023-12-27 10:00:00-05:00,10,105448.4,1003.44,False,AAPL=192.49 | MSFT=373.69 | AMZN=153.56 | AVGO=1136.0 | META=356.07 | NVDA=495.11 | TSLA=258.35 | GOOGL=141.59 | GOOG=142.83 | COST=662.7,AAPL=none | MSFT=none | AMZN=none | AVGO=none | META=none | NVDA=none | TSLA=none | GOOGL=none | GOOG=none | COST=none,0.0
2023-12-27 10:30:00-05:00,10,105448.4,1003.44,False,AAPL=192.49 | MSFT=373.69 | AMZN=153.56 | AVGO=1136.0 | META=356.07 | NVDA=495.11 | TSLA=258.35 | GOOGL=141.59 | GOOG=142.83 | COST=662.7,AAPL=none | MSFT=none | AMZN=none | AVGO=none | META=none | NVDA=none | TSLA=none | GOOGL=none | GOOG=none | COST=none,0.0
2023-12-27 11:00:00-05:00,10,105448.4,1003.44,False,AAPL=192.49 | MSFT=373.69 | AMZN=153.56 | AVGO=1136.0 | META=356.07 | NVDA=495.11 | TSLA=258.35 | GOOGL=141.59 | GOOG=142.83 | COST=662.7,AAPL=none | MSFT=none | AMZN=none | AVGO=none | META=none | NVDA=none | TSLA=none | GOOGL=none | GOOG=none | COST=none,0.0
2023-12-27 11:30:00-05:00,10,105448.4,1003.44,False,AAPL=192.49 | MSFT=373.69 | AMZN=153.56 | AVGO=1136.0 | META=356.07 | NVDA=495.11 | TSLA=258.35 | GOOGL=141.59 | GOOG=142.83 | COST=662.7,AAPL=none | MSFT=none | AMZN=none | AVGO=none | META=none | NVDA=none | TSLA=none | GOOGL=none | GOOG=none | COST=none,0.0
2023-12-27 12:00:00-05:00,10,105448.4,1003.44,False,AAPL=192.49 | MSFT=373.69 | AMZN=153.56 | AVGO=1136.0 | META=356.07 | NVDA=495.11 | TSLA=258.35 | GOOGL=141.59 | GOOG=142.83 | COST=662.7,AAPL=none | MSFT=none | AMZN=none | AVGO=none | META=none | NVDA=none | TSLA=none | GOOGL=none | GOOG=none | COST=none,0.0
2023-12-27 12:30:00-05:00,10,105448.4,1003.44,False,AAPL=192.49 | MSFT=373.69 | AMZN=153.56 | AVGO=1136.0 | META=356.07 | NVDA=495.11 | TSLA=258.35 | GOOGL=141.59 | GOOG=142.83 | COST=662.7,AAPL=buy | MSFT=buy | AMZN=buy | AVGO=none | META=buy | NVDA=buy | TSLA=buy | GOOGL=buy | GOOG=buy | COST=none,0.0
2023-12-27 13:00:00-05:00,10,105448.4,643.64,False,AAPL=192.49 | MSFT=373.69 | AMZN=153.56 | AVGO=1136.0 | META=356.07 | NVDA=495.11 | TSLA=258.35 | GOOGL=141.59 | GOOG=142.83 | COST=662.7,AAPL=none | MSFT=none | AMZN=none | AVGO=none | META=none | NVDA=none | TSLA=none | GOOGL=none | GOOG=none | COST=none,0.0
2023-12-27 13:30:00-05:00,10,105448.4,643.64,False,AAPL=192.49 | MSFT=373.69 | AMZN=153.56 | AVGO=1136.0 | META=356.07 | NVDA=495.11 | TSLA=258.35 | GOOGL=141.59 | GOOG=142.83 | COST=662.7,AAPL=none | MSFT=none | AMZN=none | AVGO=none | META=none | NVDA=none | TSLA=none | GOOGL=none | GOOG=none | COST=none,0.0
2023-12-27 14:00:00-05:00,10,105448.4,643.64,False,AAPL=192.49 | MSFT=373.69 | AMZN=153.56 | AVGO=1136.0 | META=356.07 | NVDA=495.11 | TSLA=258.35 | GOOGL=141.59 | GOOG=142.83 | COST=662.7,AAPL=none | MSFT=none | AMZN=none | AVGO=none | META=none | NVDA=none | TSLA=none | GOOGL=none | GOOG=none | COST=none,0.0
2023-12-27 14:30:00-05:00,10,105448.4,643.64,False,AAPL=192.49 | MSFT=373.69 | AMZN=153.56 | AVGO=1136.0 | META=356.07 | NVDA=495.11 | TSLA=258.35 | GOOGL=141.59 | GOOG=142.83 | COST=662.7,AAPL=none | MSFT=none | AMZN=none | AVGO=none | META=none | NVDA=none | TSLA=none | GOOGL=none | GOOG=none | COST=none,0.0
2023-12-27 15:00:00-05:00,10,105448.4,643.64,False,AAPL=192.49 | MSFT=373.69 | AMZN=153.56 | AVGO=1136.0 | META=356.07 | NVDA=495.11 | TSLA=258.35 | GOOGL=141.59 | GOOG=142.83 | COST=662.7,AAPL=none | MSFT=none | AMZN=none | AVGO=none | META=none | NVDA=none | TSLA=none | GOOGL=none | GOOG=none | COST=none,0.0
2023-12-27 15:30:00-05:00,10,105448.4,643.64,False,AAPL=192.49 | MSFT=373.69 | AMZN=153.56 | AVGO=1136.0 | META=356.07 | NVDA=495.11 | TSLA=258.35 | GOOGL=141.59 | GOOG=142.83 | COST=662.7,AAPL=none | MSFT=none | AMZN=none | AVGO=none | META=none | NVDA=none | TSLA=none | GOOGL=none | GOOG=none | COST=none,0.0
2023-12-27 16:00:00-05:00,10,105448.4,643.64,False,AAPL=192.49 | MSFT=373.69 | AMZN=153.56 | AVGO=1136.0 | META=356.07 | NVDA=495.11 | TSLA=258.35 | GOOGL=141.59 | GOOG=142.83 | COST=662.7,AAPL=none | MSFT=none | AMZN=none | AVGO=none | META=none | NVDA=none | TSLA=none | GOOGL=none | GOOG=none | COST=none,0.0
2023-12-28 09:30:00-05:00,10,106051.11,734.62,True,AAPL=194.14 | MSFT=375.37 | AMZN=153.72 | AVGO=1131.69 | META=359.7 | NVDA=496.43 | TSLA=263.66 | GOOGL=140.78 | GOOG=141.85 | COST=665.85,AAPL=none | MSFT=none | AMZN=none | AVGO=none | META=none | NVDA=none | TSLA=none | GOOGL=none | GOOG=none | COST=none,0.005715686534836006
2023-12-28 10:00:00-05:00,10,106051.11,734.62,False,AAPL=194.14 | MSFT=375.37 | AMZN=153.72 | AVGO=1131.69 | META=359.7 | NVDA=496.43 | TSLA=263.66 | GOOGL=140.78 | GOOG=141.85 | COST=665.85,AAPL=none | MSFT=none | AMZN=none | AVGO=none | META=none | NVDA=none | TSLA=none | GOOGL=none | GOOG=none | COST=none,0.0
2023-12-28 10:30:00-05:00,10,106051.11,734.62,False,AAPL=194.14 | MSFT=375.37 | AMZN=153.72 | AVGO=1131.69 | META=359.7 | NVDA=496.43 | TSLA=263.66 | GOOGL=140.78 | GOOG=141.85 | COST=665.85,AAPL=none | MSFT=none | AMZN=none | AVGO=none | META=none | NVDA=none | TSLA=none | GOOGL=none | GOOG=none | COST=none,0.0
2023-12-28 11:00:00-05:00,10,106051.11,734.62,False,AAPL=194.14 | MSFT=375.37 | AMZN=153.72 | AVGO=1131.69 | META=359.7 | NVDA=496.43 | TSLA=263.66 | GOOGL=140.78 | GOOG=141.85 | COST=665.85,AAPL=buy | MSFT=buy | AMZN=buy | AVGO=none | META=buy | NVDA=buy | TSLA=buy | GOOGL=buy | GOOG=buy | COST=none,0.0
2023-12-28 11:30:00-05:00,10,106051.11,471.22,False,AAPL=194.14 | MSFT=375.37 | AMZN=153.72 | AVGO=1131.69 | META=359.7 | NVDA=496.43 | TSLA=263.66 | GOOGL=140.78 | GOOG=141.85 | COST=665.85,AAPL=none | MSFT=none | AMZN=none | AVGO=none | META=none | NVDA=none | TSLA=none | GOOGL=none | GOOG=none | COST=none,0.0
2023-12-28 12:00:00-05:00,10,106051.11,471.22,False,AAPL=194.14 | MSFT=375.37 | AMZN=153.72 | AVGO=1131.69 | META=359.7 | NVDA=496.43 | TSLA=263.66 | GOOGL=140.78 | GOOG=141.85 | COST=665.85,AAPL=none | MSFT=none | AMZN=none | AVGO=none | META=none | NVDA=none | TSLA=none | GOOGL=none | GOOG=none | COST=none,0.0
2023-12-28 12:30:00-05:00,10,106051.11,471.22,False,AAPL=194.14 | MSFT=375.37 | AMZN=153.72 | AVGO=1131.69 | META=359.7 | NVDA=496.43 | TSLA=263.66 | GOOGL=140.78 | GOOG=141.85 | COST=665.85,AAPL=buy | MSFT=buy | AMZN=buy | AVGO=none | META=buy | NVDA=none | TSLA=buy | GOOGL=buy | GOOG=buy | COST=none,0.0
2023-12-28 13:00:00-05:00,10,106051.11,315.33,False,AAPL=194.14 | MSFT=375.37 | AMZN=153.72 | AVGO=1131.69 | META=359.7 | NVDA=496.43 | TSLA=263.66 | GOOGL=140.78 | GOOG=141.85 | COST=665.85,AAPL=none | MSFT=none | AMZN=none | AVGO=none | META=none | NVDA=none | TSLA=none | GOOGL=none | GOOG=none | COST=none,0.0
2023-12-28 13:30:00-05:00,10,106051.11,315.33,False,AAPL=194.14 | MSFT=375.37 | AMZN=153.72 | AVGO=1131.69 | META=359.7 | NVDA=496.43 | TSLA=263.66 | GOOGL=140.78 | GOOG=141.85 | COST=665.85,AAPL=none | MSFT=none | AMZN=none | AVGO=none | META=none | NVDA=none | TSLA=none | GOOGL=none | GOOG=none | COST=none,0.0
2023-12-28 14:00:00-05:00,10,106051.11,315.33,False,AAPL=194.14 | MSFT=375.37 | AMZN=153.72 | AVGO=1131.69 | META=359.7 | NVDA=496.43 | TSLA=263.66 | GOOGL=140.78 | GOOG=141.85 | COST=665.85,AAPL=none | MSFT=none | AMZN=none | AVGO=none | META=none | NVDA=none | TSLA=none | GOOGL=none | GOOG=none | COST=none,0.0
2023-12-28 14:30:00-05:00,10,106051.11,315.33,False,AAPL=194.14 | MSFT=375.37 | AMZN=153.72 | AVGO=1131.69 | META=359.7 | NVDA=496.43 | TSLA=263.66 | GOOGL=140.78 | GOOG=141.85 | COST=665.85,AAPL=none | MSFT=none | AMZN=none | AVGO=none | META=none | NVDA=none | TSLA=none | GOOGL=none | GOOG=none | COST=none,0.0
2023-12-28 15:00:00-05:00,10,106051.11,315.33,False,AAPL=194.14 | MSFT=375.37 | AMZN=153.72 | AVGO=1131.69 | META=359.7 | NVDA=496.43 | TSLA=263.66 | GOOGL=140.78 | GOOG=141.85 | COST=665.85,AAPL=none | MSFT=none | AMZN=none | AVGO=none | META=none | NVDA=none | TSLA=none | GOOGL=none | GOOG=none | COST=none,0.0
2023-12-28 15:30:00-05:00,10,106051.11,315.33,False,AAPL=194.14 | MSFT=375.37 | AMZN=153.72 | AVGO=1131.69 | META=359.7 | NVDA=496.43 | TSLA=263.66 | GOOGL=140.78 | GOOG=141.85 | COST=665.85,AAPL=none | MSFT=none | AMZN=none | AVGO=none | META=none | NVDA=none | TSLA=none | GOOGL=none | GOOG=none | COST=none,0.0
2023-12-28 16:00:00-05:00,10,106051.11,315.33,False,AAPL=194.14 | MSFT=375.37 | AMZN=153.72 | AVGO=1131.69 | META=359.7 | NVDA=496.43 | TSLA=263.66 | GOOGL=140.78 | GOOG=141.85 | COST=665.85,AAPL=none | MSFT=none | AMZN=none | AVGO=none | META=none | NVDA=none | TSLA=none | GOOGL=none | GOOG=none | COST=none,0.0
2023-12-29 09:30:00-05:00,10,105591.44,348.67,True,AAPL=193.9 | MSFT=376.0 | AMZN=153.1 | AVGO=1121.46 | META=358.99 | NVDA=498.13 | TSLA=255.1 | GOOGL=139.63 | GOOG=140.68 | COST=661.0,AAPL=none | MSFT=none | AMZN=none | AVGO=none | META=none | NVDA=none | TSLA=none | GOOGL=none | GOOG=none | COST=none,-0.004334419507726062
2023-12-29 10:00:00-05:00,10,105591.44,348.67,False,AAPL=193.9 | MSFT=376.0 | AMZN=153.1 | AVGO=1121.46 | META=358.99 | NVDA=498.13 | TSLA=255.1 | GOOGL=139.63 | GOOG=140.68 | COST=661.0,AAPL=buy | MSFT=none | AMZN=buy | AVGO=none | META=none | NVDA=none | TSLA=buy | GOOGL=buy | GOOG=buy | COST=none,0.0
2023-12-29 10:30:00-05:00,10,105591.44,269.13,False,AAPL=193.9 | MSFT=376.0 | AMZN=153.1 | AVGO=1121.46 | META=358.99 | NVDA=498.13 | TSLA=255.1 | GOOGL=139.63 | GOOG=140.68 | COST=661.0,AAPL=none | MSFT=none | AMZN=none | AVGO=none | META=none | NVDA=none | TSLA=none | GOOGL=none | GOOG=none | COST=none,0.0
2023-12-29 11:00:00-05:00,10,105591.44,269.13,False,AAPL=193.9 | MSFT=376.0 | AMZN=153.1 | AVGO=1121.46 | META=358.99 | NVDA=498.13 | TSLA=255.1 | GOOGL=139.63 | GOOG=140.68 | COST=661.0,AAPL=none | MSFT=none | AMZN=none | AVGO=none | META=none | NVDA=none | TSLA=none | GOOGL=none | GOOG=none | COST=none,0.0
2023-12-29 11:30:00-05:00,10,105591.44,269.13,False,AAPL=193.9 | MSFT=376.0 | AMZN=153.1 | AVGO=1121.46 | META=358.99 | NVDA=498.13 | TSLA=255.1 | GOOGL=139.63 | GOOG=140.68 | COST=661.0,AAPL=none | MSFT=none | AMZN=none | AVGO=none | META=none | NVDA=none | TSLA=none | GOOGL=none | GOOG=none | COST=none,0.0
2023-12-29 12:00:00-05:00,10,105591.44,269.13,False,AAPL=193.9 | MSFT=376.0 | AMZN=153.1 | AVGO=1121.46 | META=358.99 | NVDA=498.13 | TSLA=255.1 | GOOGL=139.63 | GOOG=140.68 | COST=661.0,AAPL=none | MSFT=none | AMZN=none | AVGO=none | META=none | NVDA=none | TSLA=none | GOOGL=none | GOOG=none | COST=none,0.0
2023-12-29 12:30:00-05:00,10,105591.44,269.13,False,AAPL=193.9 | MSFT=376.0 | AMZN=153.1 | AVGO=1121.46 | META=358.99 | NVDA=498.13 | TSLA=255.1 | GOOGL=139.63 | GOOG=140.68 | COST=661.0,AAPL=none | MSFT=none | AMZN=none | AVGO=none | META=none | NVDA=none | TSLA=none | GOOGL=none | GOOG=none | COST=none,0.0
2023-12-29 13:00:00-05:00,10,105591.44,269.13,False,AAPL=193.9 | MSFT=376.0 | AMZN=153.1 | AVGO=1121.46 | META=358.99 | NVDA=498.13 | TSLA=255.1 | GOOGL=139.63 | GOOG=140.68 | COST=661.0,AAPL=none | MSFT=none | AMZN=none | AVGO=none | META=none | NVDA=none | TSLA=none | GOOGL=none | GOOG=none | COST=none,0.0
2023-12-29 13:30:00-05:00,10,105591.44,269.13,False,AAPL=193.9 | MSFT=376.0 | AMZN=153.1 | AVGO=1121.46 | META=358.99 | NVDA=498.13 | TSLA=255.1 | GOOGL=139.63 | GOOG=140.68 | COST=661.0,AAPL=none | MSFT=none | AMZN=none | AVGO=none | META=none | NVDA=none | TSLA=none | GOOGL=none | GOOG=none | COST=none,0.0
2023-12-29 14:00:00-05:00,10,105591.44,269.13,False,AAPL=193.9 | MSFT=376.0 | AMZN=153.1 | AVGO=1121.46 | META=358.99 | NVDA=498.13 | TSLA=255.1 | GOOGL=139.63 | GOOG=140.68 | COST=661.0,AAPL=none | MSFT=none | AMZN=none | AVGO=none | META=none | NVDA=none | TSLA=none | GOOGL=none | GOOG=none | COST=none,0.0
2023-12-29 14:30:00-05:00,10,105591.44,269.13,False,AAPL=193.9 | MSFT=376.0 | AMZN=153.1 | AVGO=1121.46 | META=358.99 | NVDA=498.13 | TSLA=255.1 | GOOGL=139.63 | GOOG=140.68 | COST=661.0,AAPL=none | MSFT=none | AMZN=none | AVGO=none | META=none | NVDA=none | TSLA=none | GOOGL=none | GOOG=none | COST=none,0.0
2023-12-29 15:00:00-05:00,10,105591.44,269.13,False,AAPL=193.9 | MSFT=376.0 | AMZN=153.1 | AVGO=1121.46 | META=358.99 | NVDA=498.13 | TSLA=255.1 | GOOGL=139.63 | GOOG=140.68 | COST=661.0,AAPL=none | MSFT=none | AMZN=none | AVGO=none | META=none | NVDA=none | TSLA=none | GOOGL=none | GOOG=none | COST=none,0.0
2023-12-29 15:30:00-05:00,10,105591.44,269.13,False,AAPL=193.9 | MSFT=376.0 | AMZN=153.1 | AVGO=1121.46 | META=358.99 | NVDA=498.13 | TSLA=255.1 | GOOGL=139.63 | GOOG=140.68 | COST=661.0,AAPL=none | MSFT=none | AMZN=none | AVGO=none | META=none | NVDA=none | TSLA=none | GOOGL=none | GOOG=none | COST=none,0.0
2023-12-29 16:00:00-05:00,10,105591.44,269.13,False,AAPL=193.9 | MSFT=376.0 | AMZN=153.1 | AVGO=1121.46 | META=358.99 | NVDA=498.13 | TSLA=255.1 | GOOGL=139.63 | GOOG=140.68 | COST=661.0,AAPL=none | MSFT=none | AMZN=none | AVGO=none | META=none | NVDA=none | TSLA=none | GOOGL=none | GOOG=none | COST=none,0.0
